,mesh
444606,Hemorrhoids
178386,CD28 Antigens
137434,Half-Life
2906136,NAV1.3 Voltage-Gated Sodium Channel
164830,Transcriptional Coactivator with PDZ-Binding Motif Proteins
80871,Plasmodium
810316,Seed Bank
1684171,Aphidicolin
140857,Sulfonamides
397950,Erythema Nodosum
1738448,Biological Mimicry
237874,Biomechanical Phenomena
1234323,Peptide YY
728639,Plasminogen Activator Inhibitor 2
520451,Bronchodilator Agents
10909511,Rickettsia typhi
148420,One-Carbon Group Transferases
9883203,Analytic Sample Preparation Methods
2213898,Lizards
82502,RNA Interference
16063770,Alcaligenaceae
4291483,Sparrows
3790067,Diphtheria Toxin
4025824,Sjogren-Larsson Syndrome
121874,Viruses
5686635,Aquaculture
112259,Crystallins
287471,Elasticity Imaging Techniques
168625,beta-Galactosidase
99422,Tissue Distribution
2129564,Food Handling
94329,Sulfonylurea Receptors
4457459,Bradyrhizobium
97492,Surface Plasmon Resonance
112139,Postoperative Complications
341893,Falconiformes
130927,Disabled Persons
1745,Oligonucleotide Array Sequence Analysis
3064641,Maternal Serum Screening Tests
355948,Bronchoconstriction
1962580,Dinosaurs
149665,Fibrinogen
321566,Drinking
5485816,Thienamycins
1001549,"Lipomatosis, Multiple Symmetrical"
174703,Burkitt Lymphoma
522124,Hemostatics
2974897,Radioimmunotherapy
402447,Dental Implants
10683106,Hypoglossal Nerve Diseases
1688976,Danazol
15572609,Cavernous Sinus Thrombosis
352263,"Infarction, Middle Cerebral Artery"
4550440,Sesamum
1463364,Travoprost
4287680,Magnolia
282712,"Anemia, Hemolytic, Autoimmune"
349946,Nephrons
250963,Viral Matrix Proteins
857021,Interleukin-2 Receptor beta Subunit
753976,Polymyxins
268624,Tosylphenylalanyl Chloromethyl Ketone
8345014,Continuous Renal Replacement Therapy
1213023,Ectopia Lentis
669755,Health Resources
293452,Perinatal Care
1944692,Tetraspanin 30
120887,Gastroesophageal Reflux
167614,Kruppel-Like Factor 6
220359,Matrix Metalloproteinase 8
194031,Patient-Centered Care
228840,"Histocompatibility, Maternal-Fetal"
15065038,Venae Cavae
728526,alpha-2-Antiplasmin
100062,Ciliopathies
11215064,"Receptors, CCR10"
136591,"ATP Binding Cassette Transporter, Subfamily B"
935731,Bacteriuria
1374230,Deoxyribonuclease HpaII
6170,"Radiography, Thoracic"
2199694,Cellulase
82506,"Therapies, Investigational"
16522782,Tosyllysine Chloromethyl Ketone
13158431,Sodium Isotopes
1246812,Oncogene Proteins v-myb
12397426,Peer Review
130717,Peripheral Nerves
159758,Growth Charts
1810689,"Diverticulosis, Colonic"
1270589,Vitamin B 6 Deficiency
118700,Chromatin Immunoprecipitation
336765,Arnold-Chiari Malformation
165583,Acetylation
9232141,Atlanto-Axial Joint
1839217,Nordefrin
15074008,Cranial Sinuses
353742,Injury Severity Score
174950,"CA1 Region, Hippocampal"
878357,HMG-Box Domains
749590,Adrenocortical Carcinoma
6926,Virulence
6267380,Blood Bactericidal Activity
7907581,Mediastinal Cyst
1729305,Alkalies
433895,Motivation
14659,Neuropsychological Tests
106679,Betaine
99500,Guanylate Kinases
2305601,CDP-Diacylglycerol-Inositol 3-Phosphatidyltransferase
449415,"Immunity, Maternally-Acquired"
1238376,Neosartorya
295506,September 11 Terrorist Attacks
191151,Codeine
11926197,"Education, Medical, Graduate"
297485,Tropheryma
132387,Valproic Acid
5174302,Tars
5327944,Sugar Alcohols
1849180,Hydroxyquinolines
594182,Matrix Metalloproteinase 11
354034,Immunomagnetic Separation
1091151,"Hernia, Inguinal"
351587,Parathyroid Hormone
95528,Protein Precursors
591367,Wiskott-Aldrich Syndrome Protein
3710552,Galactitol
944578,Fourier Analysis
2024571,Neurokinin B
1300359,Asperger Syndrome
188813,Dimethyl Sulfoxide
2375074,Thioinosine
249953,Birds
209693,Pentylenetetrazole
13517361,"Isophane Insulin, Human"
4109422,MAP Kinase Kinase 6
16349638,Access to Healthy Foods
1663373,Daptomycin
23387,High-Intensity Interval Training
1234777,XYY Karyotype
24379,Thiazoles
11058484,Thiophanate
97414,"Spores, Fungal"
11829560,Lipectomy
12578823,Benzothiepins
824211,Thermoreceptors
1007932,Hypertrichosis
4360723,Magnesium Silicates
205540,Follicle Stimulating Hormone
2083145,Unithiol
24232,Nuclear Transfer Techniques
401516,Pulmonary Emphysema
928146,Famine
244684,Complement C1q
430637,Dysmenorrhea
120878,ABO Blood-Group System
5099973,Arthropod Vectors
524496,Secretin
163285,Lipid Bilayers
161985,Aurora Kinase A
7911160,Perilipins
349420,Gatifloxacin
30423,Fever
341256,"Peptide Chain Initiation, Translational"
15533578,"Food, Organic"
6306,Gelsolin
216927,Monosomy
1948836,Fibroadenoma
225991,Motor Vehicles
410610,Interleukin Receptor Common gamma Subunit
7887042,Epilepsia Partialis Continua
398623,"Macrophages, Alveolar"
343726,Sesquiterpenes
2284682,Post-Exercise Hypotension
2998452,MART-1 Antigen
15121857,Ligusticum
95331,Ventral Striatum
103927,Thyroid Hormones
10086153,Myo-Inositol-1-Phosphate Synthase
99295,"Receptors, Tumor Necrosis Factor, Member 6b"
152894,Raloxifene Hydrochloride
738873,Ancylostomiasis
7820572,Fetofetal Transfusion
278607,Sphingosine
4822408,Death Certificates
6018331,"DNA, Concatenated"
760848,ADAMTS13 Protein
157174,25-Hydroxyvitamin D3 1-alpha-Hydroxylase
337090,Adsorption
1146,Asian People
110284,Methylenetetrahydrofolate Dehydrogenase (NADP)
847609,Chironomidae
96254,Retinoic Acid Receptor alpha
839709,"Granulomatosis, Orofacial"
154599,"Templates, Genetic"
75412,Alkyl and Aryl Transferases
171270,DNA Methyltransferase 3A
306678,Cochlea
195011,"Pneumonia, Viral"
1849268,Phosphoglycerate Dehydrogenase
1838894,FMRFamide
1463359,"Prostaglandins F, Synthetic"
1089184,Naphthoquinones
169447,Paracrine Communication
153485,Cyclin-Dependent Kinase Inhibitor p18
2494486,"Virulence Factors, Bordetella"
82788,France
8320682,N-Formylmethionine
571937,DNA Polymerase I
107130,Alkynes
712989,Fanconi Anemia Complementation Group D2 Protein
5320849,Septal Occluder Device
5638833,Head Impulse Test
114682,Transcription Initiation Site
1736780,Upper Extremity
10136941,17-Ketosteroids
5286695,Kinetin
24226,Fetal Blood
341878,Culicidae
98306,Dioxygenases
4619826,Myristoylated Alanine-Rich C Kinase Substrate
97645,Influenza B virus
1458525,Muscle Denervation
114762,Cloud Computing
98518,Heart Rate
354541,Magnetospirillum
1830654,Limb Buds
340436,Rickettsia Infections
2763751,Tetanus Toxin
227045,MMPI
753483,Respiratory Physiological Phenomena
918195,Dynamin III
337769,Ricin
804317,Sacrum
2698926,Myristic Acids
127604,Dihydrotestosterone
141922,"Infusions, Intravenous"
1881767,Cortical Excitability
1458558,Autonomic Nervous System Diseases
2060438,Tiopronin
575712,Vagus Nerve
15806928,Extracorporeal Circulation
10168172,Batrachoidiformes
122712,"Chromosomes, Human, Pair 13"
513,Amino Acids
5173493,Leg Injuries
325602,Excitatory Amino Acid Agonists
92884,Virus Replication
1317771,Pachytene Stage
12335715,"Egypt, Ancient"
207946,Tetraploidy
10381817,Batrachotoxins
374135,alpha-Linolenic Acid
3430993,Muscle Strength Dynamometer
101283,Iron-Binding Proteins
806306,Syntenins
2359929,Synchrotrons
7725969,Aspermia
2723511,"Aphasia, Broca"
1486527,Rec A Recombinases
2861244,Developed Countries
100988,Endodeoxyribonucleases
165513,"Receptors, Granulocyte-Macrophage Colony-Stimulating Factor"
5504207,Cyclin I
3335283,Deoxycytidine Kinase
7478020,Loperamide
12567008,Endolyn
3479518,Peroneal Nerve
4176,Europe
180658,"DNA Topoisomerases, Type I"
130729,Heterogeneous-Nuclear Ribonucleoprotein Group A-B
480463,Mitochondrial Uncoupling Proteins
4519,Diabetes Mellitus
5916,Gene Ontology
178711,Urologic Diseases
106602,Environment
520661,Urinalysis
1431124,B-Cell Lymphoma 3 Protein
10016401,Electromagnetic Radiation
6122734,Heptanol
808506,Splicing Factor U2AF
3141261,Chlamydia
2811,GTP Phosphohydrolases
2187656,Factor Xa
332429,IMP Dehydrogenase
565546,Hypocalcemia
289906,"Warburg Effect, Oncologic"
6241953,Sphingomonas
123384,Face
1405303,Surgeons
801351,Carboxypeptidase H
3359950,Laser Scanning Cytometry
100380,Wnt Signaling Pathway
634540,Hepatolenticular Degeneration
5940728,Serotonin 5-HT4 Receptor Agonists
5858085,Amidophosphoribosyltransferase
156419,Hypertrophy
1535335,Salmonella paratyphi A
5913219,Glia Maturation Factor
1405565,Succinate-Semialdehyde Dehydrogenase
6295069,Respiratory Tract Absorption
4698009,Fetuins
2072810,CA-125 Antigen
38034,Gastrointestinal Microbiome
250057,"Parainfluenza Virus 3, Human"
114055,Brachial Plexus Neuritis
113227,Wiskott-Aldrich Syndrome Protein Family
771712,Phosphate-Binding Proteins
584351,Hemoglobin A
287419,Vitamin E
1398442,"Receptors, Erythropoietin"
16171,"Supranuclear Palsy, Progressive"
4906820,"Receptor-CD3 Complex, Antigen, T-Cell"
1055294,Transaldolase
10728392,Electric Fish
732045,CADASIL
320472,Transforming Growth Factor beta3
1085267,Bacteriorhodopsins
4358717,Adenine Nucleotide Translocator 3
151578,"Transduction, Genetic"
754037,Enterobacteriaceae
780816,"Immunity, Active"
156936,Cilia
503946,"RNA, Small Nucleolar"
729822,Amelogenesis Imperfecta
1675052,Lorazepam
183045,Rabbits
11073892,Luciferins
111174,Glycosylation
283701,False Negative Reactions
600663,Paramyxoviridae
9900680,Gingival Neoplasms
237515,Coronary Aneurysm
7374519,Historical Trauma
2740346,Mannosyl-Glycoprotein Endo-beta-N-Acetylglucosaminidase
11365786,Prospective Payment System
14857483,Single Person
188637,Aripiprazole
302521,Kynurenine
176602,Bicuspid Aortic Valve Disease
2049565,Treponema pallidum
13910758,Orientia tsutsugamushi
284349,Oncogene Proteins v-abl
159092,Dermoid Cyst
111524,Vital Signs
11412579,Atractyloside
1273697,"Fluorosis, Dental"
773056,Hydrogenase
626914,Sympathetic Nervous System
1547043,"Lipodystrophy, Familial Partial"
5188128,Ribes
4902563,Luteinization
433398,"Uveitis, Intermediate"
432,Young Adult
164073,ras GTPase-Activating Proteins
15602,"DNA, Neoplasm"
250776,Zanamivir
97440,Interferon-gamma
10628995,Oral Hemorrhage
335352,"Enkephalin, Ala(2)-MePhe(4)-Gly(5)-"
2669822,Chloride Channel Agonists
154040,Thymus Neoplasms
2480,"Optic Atrophy, Autosomal Dominant"
119460,Personality Assessment
250882,Bulgaria
1302031,Child Nutritional Physiological Phenomena
5911,Cetacea
6206516,"Transistors, Electronic"
146490,Fetal Development
110899,Adipogenesis
14472436,Plant Vascular Bundle
990468,Kerosene
167593,Suramin
1734121,Sensation Disorders
942229,PCSK9 Inhibitors
9497746,Methyldopa
4149418,Fibroblast Growth Factor 7
12786832,Carotid Artery Thrombosis
2749176,Sweating
227911,Walking Speed
2147680,Anisoles
1069290,Femoral Neck Fractures
1324736,"Hearing Loss, Conductive"
9494608,Tolosa-Hunt Syndrome
1657963,"Psychoses, Substance-Induced"
2157790,Industrial Development
11480056,Lytechinus
16357912,Mercaptoethylamines
340595,Animal Nutritional Physiological Phenomena
226297,Family Therapy
3173104,Paraoxon
3576746,"Scleroderma, Localized"
247235,Polynesia
2002458,Laryngectomy
844864,Salmonella enterica
2205673,Happiness
4552,Antiemetics
241276,SOX9 Transcription Factor
1052191,"Carcinoma, Verrucous"
1793290,Observation
19483,Liver Neoplasms
174547,Hamartoma
407335,New Mexico
344093,Manure
404263,Heart Block
340704,Chelating Agents
130741,"Oligonucleotides, Antisense"
5123770,"Receptors, Vasoactive Intestinal Peptide"
376272,Peri-Implantitis
670329,Acetolactate Synthase
7656935,"Mixed Tumor, Malignant"
4534,Forecasting
5799744,Ear Ossicles
249968,Poultry
6779991,Cyclohexane Monoterpenes
3414359,Prazosin
34036,Stomach Neoplasms
3851354,Hope
827487,"Cyclic Nucleotide Phosphodiesterases, Type 6"
423513,Leprostatic Agents
385909,Physiological Phenomena
11317763,Alcaligenes
11546745,Lactobacillaceae
4651858,Cinanserin
8066343,"Liver Diseases, Parasitic"
1379406,Alendronate
351940,Regional Blood Flow
7398130,Cyclic S-Oxides
1512145,Iron-Regulatory Proteins
596691,Liposarcoma
1326975,Fanconi Anemia Complementation Group E Protein
1061416,Endoscopic Ultrasound-Guided Fine Needle Aspiration
307441,Antimanic Agents
7813295,Retroperitoneal Fibrosis
2271545,"Transplantation, Isogeneic"
457438,HLA-B38 Antigen
10269501,"Early Intervention, Educational"
349340,Veratrum Alkaloids
186740,"Fractures, Bone"
9913282,"Hematoma, Epidural, Spinal"
9221965,Peritoneal Absorption
3370265,Morbillivirus
342531,Extracellular Traps
1074684,South Australia
132303,"Receptors, Metabotropic Glutamate"
3679196,Rabies Vaccines
3841674,Lingual Thyroid
6292566,Translations
301796,Lymphangioleiomyomatosis
92753,Quinacrine
2230327,Double Outlet Right Ventricle
