,Gene name,Gene type,Gene description
0,IGKV1OR10-1,IG_V_pseudogene,immunoglobulin kappa variable 1/OR10-1 (pseudogene) [Source:HGNC Symbol;Acc:HGNC:44978]
1,TRBV11-1,TR_V_gene,T cell receptor beta variable 11-1 [Source:HGNC Symbol;Acc:HGNC:12180]
2,TRBV7-6,TR_V_gene,T cell receptor beta variable 7-6 [Source:HGNC Symbol;Acc:HGNC:12240]
3,TRBV10-1,TR_V_gene,T cell receptor beta variable 10-1 [Source:HGNC Symbol;Acc:HGNC:12177]
4,TRBV5-2,TR_V_pseudogene,T cell receptor beta variable 5-2 (pseudogene) [Source:HGNC Symbol;Acc:HGNC:12219]
5,TRBV7-4,TR_V_gene,T cell receptor beta variable 7-4 [Source:HGNC Symbol;Acc:HGNC:12238]
6,TRBV5-5,TR_V_gene,T cell receptor beta variable 5-5 [Source:HGNC Symbol;Acc:HGNC:12222]
7,,TR_V_pseudogene,T cell receptor beta variable 3-2 (pseudogene)
8,TRBV11-3,TR_V_gene,T cell receptor beta variable 11-3 [Source:HGNC Symbol;Acc:HGNC:12182]
9,TRBV1,TR_V_pseudogene,T cell receptor beta variable 1 (pseudogene) [Source:HGNC Symbol;Acc:HGNC:12176]
10,TRBV19,TR_V_gene,T cell receptor beta variable 19 [Source:HGNC Symbol;Acc:HGNC:12194]
11,TRBV12-4,TR_V_gene,T cell receptor beta variable 12-4 [Source:HGNC Symbol;Acc:HGNC:12186]
12,TRBV7-1,TR_V_gene,T cell receptor beta variable 7-1 (non-functional) [Source:HGNC Symbol;Acc:HGNC:12235]
13,TRBV25-1,TR_V_gene,T cell receptor beta variable 25-1 [Source:HGNC Symbol;Acc:HGNC:12205]
14,TRBV17,TR_V_gene,T cell receptor beta variable 17 (non-functional) [Source:HGNC Symbol;Acc:HGNC:12192]
15,TRBV5-3,TR_V_gene,T cell receptor beta variable 5-3 (non-functional) [Source:HGNC Symbol;Acc:HGNC:12220]
16,TRBV7-9,TR_V_gene,T cell receptor beta variable 7-9 [Source:HGNC Symbol;Acc:HGNC:12243]
17,TRBV5-7,TR_V_gene,T cell receptor beta variable 5-7 (non-functional) [Source:HGNC Symbol;Acc:HGNC:12224]
18,TRBV27,TR_V_gene,T cell receptor beta variable 27 [Source:HGNC Symbol;Acc:HGNC:12208]
19,TRBV7-2,TR_V_gene,T cell receptor beta variable 7-2 [Source:HGNC Symbol;Acc:HGNC:12236]
20,TRBV21-1,TR_V_pseudogene,T cell receptor beta variable 21-1 (pseudogene) [Source:HGNC Symbol;Acc:HGNC:12198]
21,TRBV12-5,TR_V_gene,T cell receptor beta variable 12-5 [Source:HGNC Symbol;Acc:HGNC:12187]
22,TRBJ2-2P,TR_J_gene,T cell receptor beta joining 2-2P (non-functional) [Source:HGNC Symbol;Acc:HGNC:12170]
23,TRBJ1-6,TR_J_gene,T cell receptor beta joining 1-6 [Source:HGNC Symbol;Acc:HGNC:12167]
24,TRBJ1-5,TR_J_gene,T cell receptor beta joining 1-5 [Source:HGNC Symbol;Acc:HGNC:12166]
25,TRBV20-1,TR_V_gene,T cell receptor beta variable 20-1 [Source:HGNC Symbol;Acc:HGNC:12196]
26,,TR_V_gene,T cell receptor beta variable 4-3
27,TRBV10-2,TR_V_gene,T cell receptor beta variable 10-2 [Source:HGNC Symbol;Acc:HGNC:12178]
28,TRBV9,TR_V_gene,T cell receptor beta variable 9 [Source:HGNC Symbol;Acc:HGNC:12246]
29,TRBC1,TR_C_gene,T cell receptor beta constant 1 [Source:HGNC Symbol;Acc:HGNC:12156]
30,TRBJ2-1,TR_J_gene,T cell receptor beta joining 2-1 [Source:HGNC Symbol;Acc:HGNC:12168]
31,TRBV6-7,TR_V_gene,T cell receptor beta variable 6-7 (non-functional) [Source:HGNC Symbol;Acc:HGNC:12232]
32,TRBV7-3,TR_V_gene,T cell receptor beta variable 7-3 [Source:HGNC Symbol;Acc:HGNC:12237]
33,TRBV18,TR_V_gene,T cell receptor beta variable 18 [Source:HGNC Symbol;Acc:HGNC:12193]
34,TRBV23-1,TR_V_gene,T cell receptor beta variable 23-1 (non-functional) [Source:HGNC Symbol;Acc:HGNC:12201]
35,,TR_V_gene,T cell receptor beta variable 7-8
36,TRBV5-4,TR_V_gene,T cell receptor beta variable 5-4 [Source:HGNC Symbol;Acc:HGNC:12221]
37,TRBJ1-4,TR_J_gene,T cell receptor beta joining 1-4 [Source:HGNC Symbol;Acc:HGNC:12165]
38,IGKV1D-8,IG_V_gene,immunoglobulin kappa variable 1D-8 [Source:HGNC Symbol;Acc:HGNC:5759]
39,IGKV3D-7,IG_V_gene,immunoglobulin kappa variable 3D-7 [Source:HGNC Symbol;Acc:HGNC:5829]
40,IGKV1OR2-118,IG_V_pseudogene,immunoglobulin kappa variable 1/OR2-118 (pseudogene) [Source:HGNC Symbol;Acc:HGNC:37488]
41,,IG_V_gene,novel immunoglobulin kappa variable gene
42,TRBV13,TR_V_gene,T cell receptor beta variable 13 [Source:HGNC Symbol;Acc:HGNC:12188]
43,TRBV28,TR_V_gene,T cell receptor beta variable 28 [Source:HGNC Symbol;Acc:HGNC:12209]
44,TRBJ2-2,TR_J_gene,T cell receptor beta joining 2-2 [Source:HGNC Symbol;Acc:HGNC:12169]
45,TRBV6-5,TR_V_gene,T cell receptor beta variable 6-5 [Source:HGNC Symbol;Acc:HGNC:12230]
46,TRBV14,TR_V_gene,T cell receptor beta variable 14 [Source:HGNC Symbol;Acc:HGNC:12189]
47,TRBV12-1,TR_V_pseudogene,T cell receptor beta variable 12-1 (pseudogene) [Source:HGNC Symbol;Acc:HGNC:12183]
48,TRBV4-2,TR_V_gene,T cell receptor beta variable 4-2 [Source:HGNC Symbol;Acc:HGNC:12216]
49,,TR_V_gene,T cell receptor beta variable 5-8
50,TRBV5-1,TR_V_gene,T cell receptor beta variable 5-1 [Source:HGNC Symbol;Acc:HGNC:12218]
51,,TR_V_gene,T cell receptor beta variable 6-3
52,TRBJ2-6,TR_J_gene,T cell receptor beta joining 2-6 [Source:HGNC Symbol;Acc:HGNC:12174]
53,TRBV7-7,TR_V_gene,T cell receptor beta variable 7-7 [Source:HGNC Symbol;Acc:HGNC:12241]
54,TRBV2,TR_V_gene,T cell receptor beta variable 2 [Source:HGNC Symbol;Acc:HGNC:12195]
55,TRBV16,TR_V_gene,T cell receptor beta variable 16 [Source:HGNC Symbol;Acc:HGNC:12191]
56,TRBVB,TR_V_pseudogene,T cell receptor beta variable B (pseudogene) [Source:HGNC Symbol;Acc:HGNC:12248]
57,TRBV6-1,TR_V_gene,T cell receptor beta variable 6-1 [Source:HGNC Symbol;Acc:HGNC:12226]
58,TRBV24-1,TR_V_gene,T cell receptor beta variable 24-1 [Source:HGNC Symbol;Acc:HGNC:12203]
59,TRBJ2-7,TR_J_gene,T cell receptor beta joining 2-7 [Source:HGNC Symbol;Acc:HGNC:12175]
60,TRBJ1-3,TR_J_gene,T cell receptor beta joining 1-3 [Source:HGNC Symbol;Acc:HGNC:12164]
61,,TR_V_gene,T cell receptor beta variable 6-9
62,TRBVA,TR_V_pseudogene,T cell receptor beta variable A (pseudogene) [Source:HGNC Symbol;Acc:HGNC:12247]
63,TRBV26,TR_V_pseudogene,T cell receptor beta variable 26 (pseudogene) [Source:HGNC Symbol;Acc:HGNC:12207]
64,TRBV4-1,TR_V_gene,T cell receptor beta variable 4-1 [Source:HGNC Symbol;Acc:HGNC:12215]
65,TRBC2,TR_C_gene,T cell receptor beta constant 2 [Source:HGNC Symbol;Acc:HGNC:12157]
66,TRBV8-1,TR_V_pseudogene,T cell receptor beta variable 8-1 (pseudogene) [Source:HGNC Symbol;Acc:HGNC:12244]
67,TRBV22-1,TR_V_pseudogene,T cell receptor beta variable 22-1 (pseudogene) [Source:HGNC Symbol;Acc:HGNC:12200]
68,TRBV10-3,TR_V_gene,T cell receptor beta variable 10-3 [Source:HGNC Symbol;Acc:HGNC:12179]
69,TRBJ1-1,TR_J_gene,T cell receptor beta joining 1-1 [Source:HGNC Symbol;Acc:HGNC:12162]
70,TRBJ2-3,TR_J_gene,T cell receptor beta joining 2-3 [Source:HGNC Symbol;Acc:HGNC:12171]
71,TRBV7-5,TR_V_pseudogene,T cell receptor beta variable 7-5 (pseudogene) [Source:HGNC Symbol;Acc:HGNC:12239]
72,TRBJ2-5,TR_J_gene,T cell receptor beta joining 2-5 [Source:HGNC Symbol;Acc:HGNC:12173]
73,TRBV5-6,TR_V_gene,T cell receptor beta variable 5-6 [Source:HGNC Symbol;Acc:HGNC:12223]
74,TRBV12-2,TR_V_pseudogene,T cell receptor beta variable 12-2 (pseudogene) [Source:HGNC Symbol;Acc:HGNC:12184]
75,TRBV6-4,TR_V_gene,T cell receptor beta variable 6-4 [Source:HGNC Symbol;Acc:HGNC:12229]
76,TRBJ1-2,TR_J_gene,T cell receptor beta joining 1-2 [Source:HGNC Symbol;Acc:HGNC:12163]
77,TRBD1,TR_D_gene,T cell receptor beta diversity 1 [Source:HGNC Symbol;Acc:HGNC:12158]
78,TRBJ2-4,TR_J_gene,T cell receptor beta joining 2-4 [Source:HGNC Symbol;Acc:HGNC:12172]
79,TRBV6-2,TR_V_gene,T cell receptor beta variable 6-2 [Source:HGNC Symbol;Acc:HGNC:12227]
80,TRBV30,TR_V_gene,T cell receptor beta variable 30 [Source:HGNC Symbol;Acc:HGNC:12214]
81,TRBV12-3,TR_V_gene,T cell receptor beta variable 12-3 [Source:HGNC Symbol;Acc:HGNC:12185]
82,TRBV3-1,TR_V_gene,T cell receptor beta variable 3-1 [Source:HGNC Symbol;Acc:HGNC:12212]
83,TRBV8-2,TR_V_pseudogene,T cell receptor beta variable 8-2 (pseudogene) [Source:HGNC Symbol;Acc:HGNC:12245]
84,TRBV6-8,TR_V_gene,T cell receptor beta variable 6-8 [Source:HGNC Symbol;Acc:HGNC:12233]
85,TRBV29-1,TR_V_gene,T cell receptor beta variable 29-1 [Source:HGNC Symbol;Acc:HGNC:12210]
86,TRBV6-6,TR_V_gene,T cell receptor beta variable 6-6 [Source:HGNC Symbol;Acc:HGNC:12231]
87,TRBV15,TR_V_gene,T cell receptor beta variable 15 [Source:HGNC Symbol;Acc:HGNC:12190]
88,IGLV3-31,IG_V_pseudogene,immunoglobulin lambda variable 3-31 (pseudogene) [Source:HGNC Symbol;Acc:HGNC:5913]
89,IGLV1-40,IG_V_gene,immunoglobulin lambda variable 1-40 [Source:HGNC Symbol;Acc:HGNC:5877]
90,IGLV3-30,IG_V_pseudogene,immunoglobulin lambda variable 3-30 (pseudogene) [Source:HGNC Symbol;Acc:HGNC:5912]
91,IGLV1-44,IG_V_gene,immunoglobulin lambda variable 1-44 [Source:HGNC Symbol;Acc:HGNC:5879]
92,IGLV3-32,IG_V_gene,immunoglobulin lambda variable 3-32 (non-functional) [Source:HGNC Symbol;Acc:HGNC:5914]
93,IGLVI-38,IG_V_pseudogene,immunoglobulin lambda variable (I)-38 (pseudogene) [Source:HGNC Symbol;Acc:HGNC:5935]
94,IGLV2-34,IG_V_pseudogene,immunoglobulin lambda variable 2-34 (pseudogene) [Source:HGNC Symbol;Acc:HGNC:5893]
95,IGLV5-37,IG_V_gene,immunoglobulin lambda variable 5-37 [Source:HGNC Symbol;Acc:HGNC:5922]
96,IGLV7-43,IG_V_gene,immunoglobulin lambda variable 7-43 [Source:HGNC Symbol;Acc:HGNC:5929]
97,IGLVVII-41-1,IG_V_pseudogene,immunoglobulin lambda variable (VII)-41-1 (pseudogene) [Source:HGNC Symbol;Acc:HGNC:15691]
98,IGLVI-42,IG_V_pseudogene,immunoglobulin lambda variable (I)-42 (pseudogene) [Source:HGNC Symbol;Acc:HGNC:5936]
99,IGLV1-41,IG_V_pseudogene,immunoglobulin lambda variable 1-41 (pseudogene) [Source:HGNC Symbol;Acc:HGNC:5878]
100,IGLV1-36,IG_V_gene,immunoglobulin lambda variable 1-36 [Source:HGNC Symbol;Acc:HGNC:5876]
101,,IG_V_gene,novel immunoglobulin lambda variable gene
102,IGLV2-33,IG_V_gene,immunoglobulin lambda variable 2-33 (non-functional) [Source:HGNC Symbol;Acc:HGNC:5892]
103,IGLV5-45,IG_V_gene,immunoglobulin lambda variable 5-45 [Source:HGNC Symbol;Acc:HGNC:5924]
104,IGLV7-35,IG_V_pseudogene,immunoglobulin lambda variable 7-35 (pseudogene) [Source:HGNC Symbol;Acc:HGNC:5928]
105,IGHA2,IG_C_gene,immunoglobulin heavy constant alpha 2 (A2m marker) [Source:HGNC Symbol;Acc:HGNC:5479]
106,IGHEP1,IG_C_pseudogene,immunoglobulin heavy constant epsilon P1 (pseudogene) [Source:HGNC Symbol;Acc:HGNC:5523]
107,IGHG3,IG_C_gene,immunoglobulin heavy constant gamma 3 (G3m marker) [Source:HGNC Symbol;Acc:HGNC:5527]
108,IGHV3-11,IG_V_gene,immunoglobulin heavy variable 3-11 [Source:HGNC Symbol;Acc:HGNC:5580]
109,,IG_V_gene,novel immunoglobulin heavy variable gene
110,IGHV3-20,IG_V_gene,immunoglobulin heavy variable 3-20 [Source:HGNC Symbol;Acc:HGNC:5585]
111,IGHE,IG_C_gene,immunoglobulin heavy constant epsilon [Source:HGNC Symbol;Acc:HGNC:5522]
112,IGHV1-24,IG_V_gene,immunoglobulin heavy variable 1-24 [Source:HGNC Symbol;Acc:HGNC:5551]
113,IGHA1,IG_C_gene,immunoglobulin heavy constant alpha 1 [Source:HGNC Symbol;Acc:HGNC:5478]
114,IGHV4-31,IG_V_gene,immunoglobulin heavy variable 4-31 [Source:HGNC Symbol;Acc:HGNC:5649]
115,IGHV1-3,IG_V_gene,immunoglobulin heavy variable 1-3 [Source:HGNC Symbol;Acc:HGNC:5552]
116,IGHVIII-38-1,IG_V_pseudogene,immunoglobulin heavy variable (III)-38-1 (pseudogene) [Source:HGNC Symbol;Acc:HGNC:5699]
117,IGHV7-34-1,IG_V_pseudogene,immunoglobulin heavy variable 7-34-1 (pseudogene) [Source:HGNC Symbol;Acc:HGNC:5664]
118,IGHV4-34,IG_V_gene,immunoglobulin heavy variable 4-34 [Source:HGNC Symbol;Acc:HGNC:5650]
119,,IG_V_pseudogene,novel immunoglobulin heavy variable pseudogene
120,IGHGP,IG_C_pseudogene,immunoglobulin heavy constant gamma P (non-functional) [Source:HGNC Symbol;Acc:HGNC:5529]
121,,IG_V_pseudogene,immunoglobulin heavy variable 3-29 (IGHV3-29) pseudogene
122,IGHV4-39,IG_V_gene,immunoglobulin heavy variable 4-39 [Source:HGNC Symbol;Acc:HGNC:5651]
123,IGHG1,IG_C_gene,immunoglobulin heavy constant gamma 1 (G1m marker) [Source:HGNC Symbol;Acc:HGNC:5525]
124,IGHV3-33,IG_V_gene,immunoglobulin heavy variable 3-33 [Source:HGNC Symbol;Acc:HGNC:5596]
125,IGHVIII-47-1,IG_V_pseudogene,immunoglobulin heavy variable (III)-47-1 (pseudogene) [Source:HGNC Symbol;Acc:HGNC:5701]
126,IGHV3-21,IG_V_gene,immunoglobulin heavy variable 3-21 [Source:HGNC Symbol;Acc:HGNC:5586]
127,IGHV1-17,IG_V_pseudogene,immunoglobulin heavy variable 1-17 (pseudogene) [Source:HGNC Symbol;Acc:HGNC:5548]
128,IGHV1-12,IG_V_pseudogene,immunoglobulin heavy variable 1-12 (pseudogene) [Source:HGNC Symbol;Acc:HGNC:5546]
129,IGHV1-45,IG_V_gene,immunoglobulin heavy variable 1-45 [Source:HGNC Symbol;Acc:HGNC:5553]
130,IGHV3-50,IG_V_pseudogene,immunoglobulin heavy variable 3-50 (pseudogene) [Source:HGNC Symbol;Acc:HGNC:5608]
131,IGHV4-28,IG_V_gene,immunoglobulin heavy variable 4-28 [Source:HGNC Symbol;Acc:HGNC:5645]
132,IGHV3-53,IG_V_gene,immunoglobulin heavy variable 3-53 [Source:HGNC Symbol;Acc:HGNC:5610]
133,IGHG4,IG_C_gene,immunoglobulin heavy constant gamma 4 (G4m marker) [Source:HGNC Symbol;Acc:HGNC:5528]
134,IGHV1-68,IG_V_pseudogene,immunoglobulin heavy variable 1-68 (pseudogene) [Source:HGNC Symbol;Acc:HGNC:5557]
135,IGHVIII-22-2,IG_V_pseudogene,immunoglobulin heavy variable (III)-22-2 (pseudogene) [Source:HGNC Symbol;Acc:HGNC:5696]
136,IGHVII-40-1,IG_V_pseudogene,immunoglobulin heavy variable (II)-40-1 (pseudogene) [Source:HGNC Symbol;Acc:HGNC:5679]
137,IGHV3-54,IG_V_pseudogene,immunoglobulin heavy variable 3-54 (pseudogene) [Source:HGNC Symbol;Acc:HGNC:5611]
138,IGHV3-16,IG_V_gene,immunoglobulin heavy variable 3-16 (non-functional) [Source:HGNC Symbol;Acc:HGNC:5583]
139,IGHV7-56,IG_V_pseudogene,immunoglobulin heavy variable 7-56 (pseudogene) [Source:HGNC Symbol;Acc:HGNC:5667]
140,IGHV3-13,IG_V_gene,immunoglobulin heavy variable 3-13 [Source:HGNC Symbol;Acc:HGNC:5581]
141,IGHV1-18,IG_V_gene,immunoglobulin heavy variable 1-18 [Source:HGNC Symbol;Acc:HGNC:5549]
142,IGHVIII-25-1,IG_V_pseudogene,immunoglobulin heavy variable (III)-25-1 (pseudogene) [Source:HGNC Symbol;Acc:HGNC:5697]
143,IGHVIII-2-1,IG_V_pseudogene,immunoglobulin heavy variable (III)-2-1 (pseudogene) [Source:HGNC Symbol;Acc:HGNC:5695]
144,IGHVII-74-1,IG_V_pseudogene,immunoglobulin heavy variable (II)-74-1 (pseudogene) [Source:HGNC Symbol;Acc:HGNC:5690]
145,IGHVII-15-1,IG_V_pseudogene,immunoglobulin heavy variable (II)-15-1 (pseudogene) [Source:HGNC Symbol;Acc:HGNC:5671]
146,IGHVII-44-2,IG_V_pseudogene,immunoglobulin heavy variable (II)-44-2 (pseudogene) [Source:HGNC Symbol;Acc:HGNC:5681]
147,IGHV3-19,IG_V_pseudogene,immunoglobulin heavy variable 3-19 (pseudogene) [Source:HGNC Symbol;Acc:HGNC:5584]
148,IGHVIII-11-1,IG_V_pseudogene,immunoglobulin heavy variable (III)-11-1 (pseudogene) [Source:HGNC Symbol;Acc:HGNC:5692]
149,IGHVIII-5-1,IG_V_pseudogene,immunoglobulin heavy variable (III)-5-1 (pseudogene) [Source:HGNC Symbol;Acc:HGNC:5702]
150,IGHVIII-13-1,IG_V_pseudogene,immunoglobulin heavy variable (III)-13-1 (pseudogene) [Source:HGNC Symbol;Acc:HGNC:5693]
151,IGHVIII-67-3,IG_V_pseudogene,immunoglobulin heavy variable (III)-67-3 (pseudogene) [Source:HGNC Symbol;Acc:HGNC:5706]
152,IGHV3-30-2,IG_V_pseudogene,immunoglobulin heavy variable 3-30-2 (pseudogene) [Source:HGNC Symbol;Acc:HGNC:5592]
153,IGHV3-64,IG_V_gene,immunoglobulin heavy variable 3-64 [Source:HGNC Symbol;Acc:HGNC:5617]
154,IGHV3-65,IG_V_pseudogene,immunoglobulin heavy variable 3-65 (pseudogene) [Source:HGNC Symbol;Acc:HGNC:5618]
155,IGHV3-35,IG_V_gene,immunoglobulin heavy variable 3-35 (non-functional) [Source:HGNC Symbol;Acc:HGNC:5598]
156,IGHVII-22-1,IG_V_pseudogene,immunoglobulin heavy variable (II)-22-1 (pseudogene) [Source:HGNC Symbol;Acc:HGNC:5673]
157,IGHV3-15,IG_V_gene,immunoglobulin heavy variable 3-15 [Source:HGNC Symbol;Acc:HGNC:5582]
158,IGHV5-51,IG_V_gene,immunoglobulin heavy variable 5-51 [Source:HGNC Symbol;Acc:HGNC:5659]
159,IGHVII-46-1,IG_V_pseudogene,immunoglobulin heavy variable (II)-46-1 (pseudogene) [Source:HGNC Symbol;Acc:HGNC:5682]
160,IGHV3-42,IG_V_pseudogene,immunoglobulin heavy variable 3-42 (pseudogene) [Source:HGNC Symbol;Acc:HGNC:5603]
161,IGHV3-6,IG_V_pseudogene,immunoglobulin heavy variable 3-6 (pseudogene) [Source:HGNC Symbol;Acc:HGNC:5613]
162,IGHV3-7,IG_V_gene,immunoglobulin heavy variable 3-7 [Source:HGNC Symbol;Acc:HGNC:5620]
163,IGHV2-26,IG_V_gene,immunoglobulin heavy variable 2-26 [Source:HGNC Symbol;Acc:HGNC:5575]
164,IGHV4-55,IG_V_pseudogene,immunoglobulin heavy variable 4-55 (pseudogene) [Source:HGNC Symbol;Acc:HGNC:5653]
165,IGHVII-67-1,IG_V_pseudogene,immunoglobulin heavy variable (II)-67-1 (pseudogene) [Source:HGNC Symbol;Acc:HGNC:5689]
166,IGHV7-27,IG_V_pseudogene,immunoglobulin heavy variable 7-27 (pseudogene) [Source:HGNC Symbol;Acc:HGNC:5663]
167,IGHV3-41,IG_V_pseudogene,immunoglobulin heavy variable 3-41 (pseudogene) [Source:HGNC Symbol;Acc:HGNC:5602]
168,IGHVII-62-1,IG_V_pseudogene,immunoglobulin heavy variable (II)-62-1 (pseudogene) [Source:HGNC Symbol;Acc:HGNC:5687]
169,IGHVIII-5-2,IG_V_pseudogene,immunoglobulin heavy variable (III)-5-2 (pseudogene) [Source:HGNC Symbol;Acc:HGNC:5703]
170,IGHV4-59,IG_V_gene,immunoglobulin heavy variable 4-59 [Source:HGNC Symbol;Acc:HGNC:5654]
171,IGHV3-33-2,IG_V_pseudogene,immunoglobulin heavy variable 3-33-2 (pseudogene) [Source:HGNC Symbol;Acc:HGNC:5597]
172,IGHV2-70,IG_V_gene,immunoglobulin heavy variable 2-70 [Source:HGNC Symbol;Acc:HGNC:5577]
173,IGHVIII-76-1,IG_V_pseudogene,immunoglobulin heavy variable (III)-76-1 (pseudogene) [Source:HGNC Symbol;Acc:HGNC:5708]
174,IGHV3-43,IG_V_gene,immunoglobulin heavy variable 3-43 [Source:HGNC Symbol;Acc:HGNC:5604]
175,IGHV3-66,IG_V_gene,immunoglobulin heavy variable 3-66 [Source:HGNC Symbol;Acc:HGNC:5619]
176,IGHVII-53-1,IG_V_pseudogene,immunoglobulin heavy variable (II)-53-1 (pseudogene) [Source:HGNC Symbol;Acc:HGNC:5685]
177,IGHV3-22,IG_V_pseudogene,immunoglobulin heavy variable 3-22 (pseudogene) [Source:HGNC Symbol;Acc:HGNC:5587]
178,IGHV3-72,IG_V_gene,immunoglobulin heavy variable 3-72 [Source:HGNC Symbol;Acc:HGNC:5622]
179,,IG_V_pseudogene,immunoglobulin heavy variable (II)-31-1 (IGHVII-31-1) pseudogene
180,IGHV3-48,IG_V_gene,immunoglobulin heavy variable 3-48 [Source:HGNC Symbol;Acc:HGNC:5606]
181,IGHV7-40,IG_V_pseudogene,immunoglobulin heavy variable 7-40 (pseudogene) [Source:HGNC Symbol;Acc:HGNC:5666]
182,IGHV3-69-1,IG_V_pseudogene,immunoglobulin heavy variable 3-69-1 (pseudogene) [Source:HGNC Symbol;Acc:HGNC:5631]
183,IGHV1-69D,IG_V_gene,immunoglobulin heavy variable 1-69D [Source:HGNC Symbol;Acc:HGNC:49601]
184,IGHV3-29,IG_V_pseudogene,immunoglobulin heavy variable 3-29 (pseudogene) [Source:HGNC Symbol;Acc:HGNC:5590]
185,IGHV3-36,IG_V_pseudogene,immunoglobulin heavy variable 3-36 (pseudogene) [Source:HGNC Symbol;Acc:HGNC:5599]
186,IGHV1-58,IG_V_gene,immunoglobulin heavy variable 1-58 [Source:HGNC Symbol;Acc:HGNC:5555]
187,IGHV2-5,IG_V_gene,immunoglobulin heavy variable 2-5 [Source:HGNC Symbol;Acc:HGNC:5576]
188,IGHV3-47,IG_V_pseudogene,immunoglobulin heavy variable 3-47 (pseudogene) [Source:HGNC Symbol;Acc:HGNC:5605]
189,IGHVIII-44,IG_V_pseudogene,immunoglobulin heavy variable (III)-44 (pseudogene) [Source:HGNC Symbol;Acc:HGNC:5700]
190,IGHV8-51-1,IG_V_pseudogene,immunoglobulin heavy variable IGHV8-51-1 (non-functional) [Source:HGNC Symbol;Acc:HGNC:5704]
191,IGHV3-57,IG_V_pseudogene,immunoglobulin heavy variable 3-57 (pseudogene) [Source:HGNC Symbol;Acc:HGNC:5612]
192,IGHV3-63,IG_V_pseudogene,immunoglobulin heavy variable 3-63 (pseudogene) [Source:HGNC Symbol;Acc:HGNC:5616]
193,IGHVIII-26-1,IG_V_pseudogene,immunoglobulin heavy variable (III)-26-1 (pseudogene) [Source:HGNC Symbol;Acc:HGNC:5698]
194,IGHVII-30-1,IG_V_pseudogene,immunoglobulin heavy variable (II)-30-1 (pseudogene) [Source:HGNC Symbol;Acc:HGNC:5676]
195,IGHV3-60,IG_V_pseudogene,immunoglobulin heavy variable 3-60 (pseudogene) [Source:HGNC Symbol;Acc:HGNC:5614]
196,IGHV3-38,IG_V_gene,immunoglobulin heavy variable 3-38 (non-functional) [Source:HGNC Symbol;Acc:HGNC:5601]
197,IGHV3-73,IG_V_gene,immunoglobulin heavy variable 3-73 [Source:HGNC Symbol;Acc:HGNC:5623]
198,IGHV4-61,IG_V_gene,immunoglobulin heavy variable 4-61 [Source:HGNC Symbol;Acc:HGNC:5655]
199,IGHVII-51-2,IG_V_pseudogene,immunoglobulin heavy variable (II)-51-2 (pseudogene) [Source:HGNC Symbol;Acc:HGNC:5684]
200,IGHV3-74,IG_V_gene,immunoglobulin heavy variable 3-74 [Source:HGNC Symbol;Acc:HGNC:5624]
201,IGHV3-25,IG_V_pseudogene,immunoglobulin heavy variable 3-25 (pseudogene) [Source:HGNC Symbol;Acc:HGNC:5589]
202,IGHVII-65-1,IG_V_pseudogene,immunoglobulin heavy variable (II)-65-1 (pseudogene) [Source:HGNC Symbol;Acc:HGNC:5688]
203,IGHV3-75,IG_V_pseudogene,immunoglobulin heavy variable 3-75 (pseudogene) [Source:HGNC Symbol;Acc:HGNC:5625]
204,IGHV2-70D,IG_V_gene,immunoglobulin heavy variable 2-70D [Source:HGNC Symbol;Acc:HGNC:49602]
205,IGHVII-33-1,IG_V_pseudogene,immunoglobulin heavy variable (II)-33-1 (pseudogene) [Source:HGNC Symbol;Acc:HGNC:5678]
206,IGHV3-37,IG_V_pseudogene,immunoglobulin heavy variable 3-37 (pseudogene) [Source:HGNC Symbol;Acc:HGNC:5600]
207,IGHVII-26-2,IG_V_pseudogene,immunoglobulin heavy variable (II)-26-2 (pseudogene) [Source:HGNC Symbol;Acc:HGNC:5674]
208,IGHV3-62,IG_V_pseudogene,immunoglobulin heavy variable 3-62 (pseudogene) [Source:HGNC Symbol;Acc:HGNC:5615]
209,IGHV1-67,IG_V_pseudogene,immunoglobulin heavy variable 1-67 (pseudogene) [Source:HGNC Symbol;Acc:HGNC:5556]
210,IGHVIV-44-1,IG_V_pseudogene,immunoglobulin heavy variable (IV)-44-1 (pseudogene) [Source:HGNC Symbol;Acc:HGNC:5710]
211,IGHV1-69-2,IG_V_gene,immunoglobulin heavy variable 1-69-2 [Source:HGNC Symbol;Acc:HGNC:5562]
212,IGHV3-30,IG_V_gene,immunoglobulin heavy variable 3-30 [Source:HGNC Symbol;Acc:HGNC:5591]
213,IGHVIII-67-4,IG_V_pseudogene,immunoglobulin heavy variable (III)-67-4 (pseudogene) [Source:HGNC Symbol;Acc:HGNC:5707]
214,IGHV4-4,IG_V_gene,immunoglobulin heavy variable 4-4 [Source:HGNC Symbol;Acc:HGNC:5652]
215,IGHG2,IG_C_gene,immunoglobulin heavy constant gamma 2 (G2m marker) [Source:HGNC Symbol;Acc:HGNC:5526]
216,IGHV3-71,IG_V_pseudogene,immunoglobulin heavy variable 3-71 (pseudogene) [Source:HGNC Symbol;Acc:HGNC:5621]
217,IGHV1-69,IG_V_gene,immunoglobulin heavy variable 1-69 [Source:HGNC Symbol;Acc:HGNC:5558]
218,IGHV3-52,IG_V_pseudogene,immunoglobulin heavy variable 3-52 (pseudogene) [Source:HGNC Symbol;Acc:HGNC:5609]
219,IGHV3-49,IG_V_gene,immunoglobulin heavy variable 3-49 [Source:HGNC Symbol;Acc:HGNC:5607]
220,IGHV3-76,IG_V_pseudogene,immunoglobulin heavy variable 3-76 (pseudogene) [Source:HGNC Symbol;Acc:HGNC:5626]
221,IGHVII-49-1,IG_V_pseudogene,immunoglobulin heavy variable (II)-49-1 (pseudogene) [Source:HGNC Symbol;Acc:HGNC:5683]
222,IGHV1-46,IG_V_gene,immunoglobulin heavy variable 1-46 [Source:HGNC Symbol;Acc:HGNC:5554]
223,IGHVII-60-1,IG_V_pseudogene,immunoglobulin heavy variable (II)-60-1 (pseudogene) [Source:HGNC Symbol;Acc:HGNC:5686]
224,IGHV5-78,IG_V_pseudogene,immunoglobulin heavy variable 5-78 (pseudogene) [Source:HGNC Symbol;Acc:HGNC:5660]
225,IGHV3-23,IG_V_gene,immunoglobulin heavy variable 3-23 [Source:HGNC Symbol;Acc:HGNC:5588]
226,IGHVIII-67-2,IG_V_pseudogene,immunoglobulin heavy variable (III)-67-2 (pseudogene) [Source:HGNC Symbol;Acc:HGNC:5705]
227,IGHV1-14,IG_V_pseudogene,immunoglobulin heavy variable 1-14 (pseudogene) [Source:HGNC Symbol;Acc:HGNC:5547]
228,IGHD,IG_C_gene,immunoglobulin heavy constant delta [Source:HGNC Symbol;Acc:HGNC:5480]
229,IGHM,IG_C_gene,immunoglobulin heavy constant mu [Source:HGNC Symbol;Acc:HGNC:5541]
230,IGHJ6,IG_J_gene,immunoglobulin heavy joining 6 [Source:HGNC Symbol;Acc:HGNC:5540]
231,IGHJ3P,IG_J_pseudogene,immunoglobulin heavy joining 3P (pseudogene) [Source:HGNC Symbol;Acc:HGNC:5537]
232,IGHJ5,IG_J_gene,immunoglobulin heavy joining 5 [Source:HGNC Symbol;Acc:HGNC:5539]
233,IGHJ4,IG_J_gene,immunoglobulin heavy joining 4 [Source:HGNC Symbol;Acc:HGNC:5538]
234,IGHJ3,IG_J_gene,immunoglobulin heavy joining 3 [Source:HGNC Symbol;Acc:HGNC:5536]
235,IGHJ2P,IG_J_pseudogene,immunoglobulin heavy joining 2P (pseudogene) [Source:HGNC Symbol;Acc:HGNC:5535]
236,IGHJ2,IG_J_gene,immunoglobulin heavy joining 2 [Source:HGNC Symbol;Acc:HGNC:5534]
237,IGHJ1,IG_J_gene,immunoglobulin heavy joining 1 [Source:HGNC Symbol;Acc:HGNC:5532]
238,IGHD7-27,IG_D_gene,immunoglobulin heavy diversity 7-27 [Source:HGNC Symbol;Acc:HGNC:5518]
239,IGHJ1P,IG_J_pseudogene,immunoglobulin heavy joining 1P (pseudogene) [Source:HGNC Symbol;Acc:HGNC:5533]
240,IGHD1-26,IG_D_gene,immunoglobulin heavy diversity 1-26 [Source:HGNC Symbol;Acc:HGNC:5485]
241,IGHD6-25,IG_D_gene,immunoglobulin heavy diversity 6-25 [Source:HGNC Symbol;Acc:HGNC:5516]
242,IGHD5-24,IG_D_gene,immunoglobulin heavy diversity 5-24 (non-functional) [Source:HGNC Symbol;Acc:HGNC:5510]
243,IGHD4-23,IG_D_gene,immunoglobulin heavy diversity 4-23 (non-functional) [Source:HGNC Symbol;Acc:HGNC:5504]
244,IGHD3-22,IG_D_gene,immunoglobulin heavy diversity 3-22 [Source:HGNC Symbol;Acc:HGNC:5497]
245,IGHD2-21,IG_D_gene,immunoglobulin heavy diversity 2-21 [Source:HGNC Symbol;Acc:HGNC:5491]
246,IGHD1-20,IG_D_gene,immunoglobulin heavy diversity 1-20 [Source:HGNC Symbol;Acc:HGNC:5484]
247,IGHD6-19,IG_D_gene,immunoglobulin heavy diversity 6-19 [Source:HGNC Symbol;Acc:HGNC:5515]
248,IGHD5-18,IG_D_gene,immunoglobulin heavy diversity 5-18 [Source:HGNC Symbol;Acc:HGNC:5509]
249,IGHD4-17,IG_D_gene,immunoglobulin heavy diversity 4-17 [Source:HGNC Symbol;Acc:HGNC:5503]
250,IGHD3-16,IG_D_gene,immunoglobulin heavy diversity 3-16 [Source:HGNC Symbol;Acc:HGNC:5496]
251,IGHD2-15,IG_D_gene,immunoglobulin heavy diversity 2-15 [Source:HGNC Symbol;Acc:HGNC:5489]
252,IGHD1-14,IG_D_gene,immunoglobulin heavy diversity 1-14 (non-functional) [Source:HGNC Symbol;Acc:HGNC:5483]
253,IGHD6-13,IG_D_gene,immunoglobulin heavy diversity 6-13 [Source:HGNC Symbol;Acc:HGNC:5514]
254,IGHD5-12,IG_D_gene,immunoglobulin heavy diversity 5-12 [Source:HGNC Symbol;Acc:HGNC:5508]
255,IGHD4-11,IG_D_gene,immunoglobulin heavy diversity 4-11 (non-functional) [Source:HGNC Symbol;Acc:HGNC:5502]
256,IGHD3-10,IG_D_gene,immunoglobulin heavy diversity 3-10 [Source:HGNC Symbol;Acc:HGNC:5495]
257,IGHD3-9,IG_D_gene,immunoglobulin heavy diversity 3-9 [Source:HGNC Symbol;Acc:HGNC:5499]
258,IGHD2-8,IG_D_gene,immunoglobulin heavy diversity 2-8 [Source:HGNC Symbol;Acc:HGNC:5492]
259,IGHD1-7,IG_D_gene,immunoglobulin heavy diversity 1-7 [Source:HGNC Symbol;Acc:HGNC:5486]
260,IGHD6-6,IG_D_gene,immunoglobulin heavy diversity 6-6 [Source:HGNC Symbol;Acc:HGNC:5517]
261,IGHD5-5,IG_D_gene,immunoglobulin heavy diversity 5-5 [Source:HGNC Symbol;Acc:HGNC:5511]
262,IGHD4-4,IG_D_gene,immunoglobulin heavy diversity 4-4 [Source:HGNC Symbol;Acc:HGNC:5505]
263,IGHD3-3,IG_D_gene,immunoglobulin heavy diversity 3-3 [Source:HGNC Symbol;Acc:HGNC:5498]
264,IGHD2-2,IG_D_gene,immunoglobulin heavy diversity 2-2 [Source:HGNC Symbol;Acc:HGNC:5490]
265,IGHD1-1,IG_D_gene,immunoglobulin heavy diversity 1-1 [Source:HGNC Symbol;Acc:HGNC:5482]
266,IGHV6-1,IG_V_gene,immunoglobulin heavy variable 6-1 [Source:HGNC Symbol;Acc:HGNC:5662]
267,IGHVII-1-1,IG_V_pseudogene,immunoglobulin heavy variable (II)-1-1 (pseudogene) [Source:HGNC Symbol;Acc:HGNC:5670]
268,IGHV1-2,IG_V_gene,immunoglobulin heavy variable 1-2 [Source:HGNC Symbol;Acc:HGNC:5550]
269,IGKV2OR22-3,IG_V_pseudogene,immunoglobulin kappa variable 2/OR22-3 (pseudogene) [Source:HGNC Symbol;Acc:HGNC:5812]
270,IGKV1OR22-5,IG_V_pseudogene,immunoglobulin kappa variable 1/OR22-5 (pseudogene) [Source:HGNC Symbol;Acc:HGNC:5773]
271,IGKV3OR22-2,IG_V_pseudogene,immunoglobulin kappa variable 3/OR22-2 (pseudogene) [Source:HGNC Symbol;Acc:HGNC:5833]
272,IGKV2OR22-4,IG_V_pseudogene,immunoglobulin kappa variable 2/OR22-4 (pseudogene) [Source:HGNC Symbol;Acc:HGNC:5813]
273,IGKV1OR22-1,IG_V_pseudogene,immunoglobulin kappa variable 1/OR22-1 (pseudogene) [Source:HGNC Symbol;Acc:HGNC:5772]
274,IGLV3-12,IG_V_gene,immunoglobulin lambda variable 3-12 [Source:HGNC Symbol;Acc:HGNC:5898]
275,IGLV2-11,IG_V_gene,immunoglobulin lambda variable 2-11 [Source:HGNC Symbol;Acc:HGNC:5887]
276,TRDJ1,TR_J_gene,T cell receptor delta joining 1 [Source:HGNC Symbol;Acc:HGNC:12257]
277,TRDV2,TR_V_gene,T cell receptor delta variable 2 [Source:HGNC Symbol;Acc:HGNC:12263]
278,TRAJ60,TR_J_pseudogene,T cell receptor alpha joining 60 (pseudogene) [Source:HGNC Symbol;Acc:HGNC:12093]
279,TRDD1,TR_D_gene,T cell receptor delta diversity 1 [Source:HGNC Symbol;Acc:HGNC:12254]
280,TRAJ54,TR_J_gene,T cell receptor alpha joining 54 [Source:HGNC Symbol;Acc:HGNC:12086]
281,TRAJ49,TR_J_gene,T cell receptor alpha joining 49 [Source:HGNC Symbol;Acc:HGNC:12080]
282,TRDJ3,TR_J_gene,T cell receptor delta joining 3 [Source:HGNC Symbol;Acc:HGNC:12259]
283,TRDD3,TR_D_gene,T cell receptor delta diversity 3 [Source:HGNC Symbol;Acc:HGNC:12256]
284,TRAJ48,TR_J_gene,T cell receptor alpha joining 48 [Source:HGNC Symbol;Acc:HGNC:12079]
285,TRAJ59,TR_J_gene,T cell receptor alpha joining 59 (non-functional) [Source:HGNC Symbol;Acc:HGNC:12091]
286,TRAJ61,TR_J_gene,T cell receptor alpha joining 61 (non-functional) [Source:HGNC Symbol;Acc:HGNC:12094]
287,TRDC,TR_C_gene,T cell receptor delta constant [Source:HGNC Symbol;Acc:HGNC:12253]
288,TRAJ58,TR_J_gene,T cell receptor alpha joining 58 (non-functional) [Source:HGNC Symbol;Acc:HGNC:12090]
289,TRDJ4,TR_J_gene,T cell receptor delta joining 4 [Source:HGNC Symbol;Acc:HGNC:12260]
290,TRAJ47,TR_J_gene,T cell receptor alpha joining 47 [Source:HGNC Symbol;Acc:HGNC:12078]
291,TRDJ2,TR_J_gene,T cell receptor delta joining 2 [Source:HGNC Symbol;Acc:HGNC:12258]
292,TRAJ56,TR_J_gene,T cell receptor alpha joining 56 [Source:HGNC Symbol;Acc:HGNC:12088]
293,TRDD2,TR_D_gene,T cell receptor delta diversity 2 [Source:HGNC Symbol;Acc:HGNC:12255]
294,TRAJ53,TR_J_gene,T cell receptor alpha joining 53 [Source:HGNC Symbol;Acc:HGNC:12085]
295,TRAJ45,TR_J_gene,T cell receptor alpha joining 45 [Source:HGNC Symbol;Acc:HGNC:12076]
296,TRAJ52,TR_J_gene,T cell receptor alpha joining 52 [Source:HGNC Symbol;Acc:HGNC:12084]
297,TRAJ55,TR_J_pseudogene,T cell receptor alpha joining 55 (pseudogene) [Source:HGNC Symbol;Acc:HGNC:12087]
298,TRDV3,TR_V_gene,T cell receptor delta variable 3 [Source:HGNC Symbol;Acc:HGNC:12264]
299,IGHV1OR21-1,IG_V_gene,immunoglobulin heavy variable 1/OR21-1 (non-functional) [Source:HGNC Symbol;Acc:HGNC:38040]
300,TRAJ51,TR_J_pseudogene,T cell receptor alpha joining 51 (pseudogene) [Source:HGNC Symbol;Acc:HGNC:12083]
301,TRAJ57,TR_J_gene,T cell receptor alpha joining 57 [Source:HGNC Symbol;Acc:HGNC:12089]
302,IGKV5-2,IG_V_gene,immunoglobulin kappa variable 5-2 [Source:HGNC Symbol;Acc:HGNC:5835]
303,IGKV7-3,IG_V_pseudogene,immunoglobulin kappa variable 7-3 (pseudogene) [Source:HGNC Symbol;Acc:HGNC:5839]
304,IGKV2-4,IG_V_pseudogene,immunoglobulin kappa variable 2-4 (pseudogene) [Source:HGNC Symbol;Acc:HGNC:5788]
305,IGKV1-5,IG_V_gene,immunoglobulin kappa variable 1-5 [Source:HGNC Symbol;Acc:HGNC:5741]
306,IGKV1-6,IG_V_gene,immunoglobulin kappa variable 1-6 [Source:HGNC Symbol;Acc:HGNC:5742]
307,IGKV3-7,IG_V_gene,immunoglobulin kappa variable 3-7 (non-functional) [Source:HGNC Symbol;Acc:HGNC:5821]
308,IGKV1-8,IG_V_gene,immunoglobulin kappa variable 1-8 [Source:HGNC Symbol;Acc:HGNC:5743]
309,IGKV1-9,IG_V_gene,immunoglobulin kappa variable 1-9 [Source:HGNC Symbol;Acc:HGNC:5744]
310,IGKV2-10,IG_V_pseudogene,immunoglobulin kappa variable 2-10 (pseudogene) [Source:HGNC Symbol;Acc:HGNC:5776]
311,IGKV3-11,IG_V_gene,immunoglobulin kappa variable 3-11 [Source:HGNC Symbol;Acc:HGNC:5815]
312,IGKV1-12,IG_V_gene,immunoglobulin kappa variable 1-12 [Source:HGNC Symbol;Acc:HGNC:5730]
313,IGKV1-13,IG_V_pseudogene,immunoglobulin kappa variable 1-13 [Source:HGNC Symbol;Acc:HGNC:5731]
314,IGKV2-14,IG_V_pseudogene,immunoglobulin kappa variable 2-14 (pseudogene) [Source:HGNC Symbol;Acc:HGNC:5777]
315,IGKV3-15,IG_V_gene,immunoglobulin kappa variable 3-15 [Source:HGNC Symbol;Acc:HGNC:5816]
316,IGKV1-16,IG_V_gene,immunoglobulin kappa variable 1-16 [Source:HGNC Symbol;Acc:HGNC:5732]
317,IGKV1-17,IG_V_gene,immunoglobulin kappa variable 1-17 [Source:HGNC Symbol;Acc:HGNC:5733]
318,IGKV2-18,IG_V_pseudogene,immunoglobulin kappa variable 2-18 (pseudogene) [Source:HGNC Symbol;Acc:HGNC:5778]
319,IGKV2-19,IG_V_pseudogene,immunoglobulin kappa variable 2-19 (pseudogene) [Source:HGNC Symbol;Acc:HGNC:5779]
320,IGKV3-20,IG_V_gene,immunoglobulin kappa variable 3-20 [Source:HGNC Symbol;Acc:HGNC:5817]
321,IGKV6-21,IG_V_gene,immunoglobulin kappa variable 6-21 (non-functional) [Source:HGNC Symbol;Acc:HGNC:5836]
322,IGKV1-22,IG_V_pseudogene,immunoglobulin kappa variable 1-22 (pseudogene) [Source:HGNC Symbol;Acc:HGNC:5734]
323,IGKV2-23,IG_V_pseudogene,immunoglobulin kappa variable 2-23 (pseudogene) [Source:HGNC Symbol;Acc:HGNC:5780]
324,IGKV2-24,IG_V_gene,immunoglobulin kappa variable 2-24 [Source:HGNC Symbol;Acc:HGNC:5781]
325,IGKV3-25,IG_V_pseudogene,immunoglobulin kappa variable 3-25 (pseudogene) [Source:HGNC Symbol;Acc:HGNC:5818]
326,IGKV2-26,IG_V_pseudogene,immunoglobulin kappa variable 2-26 (pseudogene) [Source:HGNC Symbol;Acc:HGNC:5782]
327,IGKV1-27,IG_V_gene,immunoglobulin kappa variable 1-27 [Source:HGNC Symbol;Acc:HGNC:5735]
328,IGKV2-28,IG_V_gene,immunoglobulin kappa variable 2-28 [Source:HGNC Symbol;Acc:HGNC:5783]
329,IGKV2-29,IG_V_pseudogene,immunoglobulin kappa variable 2-29 [Source:HGNC Symbol;Acc:HGNC:5784]
330,IGKV2-30,IG_V_gene,immunoglobulin kappa variable 2-30 [Source:HGNC Symbol;Acc:HGNC:5785]
331,IGKV3-31,IG_V_pseudogene,immunoglobulin kappa variable 3-31 (pseudogene) [Source:HGNC Symbol;Acc:HGNC:5819]
332,IGKV1-32,IG_V_pseudogene,immunoglobulin kappa variable 1-32 (pseudogene) [Source:HGNC Symbol;Acc:HGNC:5736]
333,IGKV1-33,IG_V_gene,immunoglobulin kappa variable 1-33 [Source:HGNC Symbol;Acc:HGNC:5737]
334,IGKV3-34,IG_V_pseudogene,immunoglobulin kappa variable 3-34 (pseudogene) [Source:HGNC Symbol;Acc:HGNC:5820]
335,IGKV1-35,IG_V_pseudogene,immunoglobulin kappa variable 1-35 (pseudogene) [Source:HGNC Symbol;Acc:HGNC:5738]
336,IGKV2-36,IG_V_pseudogene,immunoglobulin kappa variable 2-36 (pseudogene) [Source:HGNC Symbol;Acc:HGNC:5786]
337,IGKV1-37,IG_V_gene,immunoglobulin kappa variable 1-37 (non-functional) [Source:HGNC Symbol;Acc:HGNC:5739]
338,IGKV2-38,IG_V_pseudogene,immunoglobulin kappa variable 2-38 (pseudogene) [Source:HGNC Symbol;Acc:HGNC:5787]
339,IGKV1-39,IG_V_gene,immunoglobulin kappa variable 1-39 [Source:HGNC Symbol;Acc:HGNC:5740]
340,IGKV2-40,IG_V_gene,immunoglobulin kappa variable 2-40 [Source:HGNC Symbol;Acc:HGNC:5789]
341,TRAJ50,TR_J_gene,T cell receptor alpha joining 50 [Source:HGNC Symbol;Acc:HGNC:12082]
342,IGLV8OR8-1,IG_V_pseudogene,immunoglobulin lambda variable 8/OR8-1 (pseudogene) [Source:HGNC Symbol;Acc:HGNC:5932]
343,IGHVIII-16-1,IG_V_pseudogene,immunoglobulin heavy variable (III)-16-1 (pseudogene) [Source:HGNC Symbol;Acc:HGNC:5694]
344,IGLV3-13,IG_V_pseudogene,immunoglobulin lambda variable 3-13 (pseudogene) [Source:HGNC Symbol;Acc:HGNC:5899]
345,IGLCOR22-1,IG_C_pseudogene,immunoglobulin lambda constant/OR22-1 (pseudogene) [Source:HGNC Symbol;Acc:HGNC:15696]
346,IGLCOR22-2,IG_C_pseudogene,immunoglobulin lambda constant/OR22-2 (pseudogene) [Source:HGNC Symbol;Acc:HGNC:15697]
347,IGLVIVOR22-2,IG_V_pseudogene,immunoglobulin lambda variable (IV)/OR22-2 (pseudogene) [Source:HGNC Symbol;Acc:HGNC:15695]
348,IGHV3-64D,IG_V_gene,immunoglobulin heavy variable 3-64D [Source:HGNC Symbol;Acc:HGNC:49603]
349,IGHVII-30-21,IG_V_pseudogene,immunoglobulin heavy variable (II)-30-21 (pseudogene) [Source:HGNC Symbol;Acc:HGNC:52400]
350,IGLJCOR18,IG_C_pseudogene,immunoglobulin lambda joining-constant/OR18 (pseudogene) [Source:HGNC Symbol;Acc:HGNC:28614]
351,IGHV5-10-1,IG_V_gene,immunoglobulin heavy variable 5-10-1 [Source:HGNC Symbol;Acc:HGNC:5661]
352,IGHV3-32,IG_V_pseudogene,immunoglobulin heavy variable 3-32 (pseudogene) [Source:HGNC Symbol;Acc:HGNC:5595]
353,IGHVII-28-1,IG_V_pseudogene,immunoglobulin heavy variable (II)-28-1 (pseudogene) [Source:HGNC Symbol;Acc:HGNC:5675]
354,TRAJ46,TR_J_gene,T cell receptor alpha joining 46 [Source:HGNC Symbol;Acc:HGNC:12077]
355,TRAJ44,TR_J_gene,T cell receptor alpha joining 44 [Source:HGNC Symbol;Acc:HGNC:12075]
356,TRAJ43,TR_J_gene,T cell receptor alpha joining 43 [Source:HGNC Symbol;Acc:HGNC:12074]
357,TRAJ42,TR_J_gene,T cell receptor alpha joining 42 [Source:HGNC Symbol;Acc:HGNC:12073]
358,TRAJ41,TR_J_gene,T cell receptor alpha joining 41 [Source:HGNC Symbol;Acc:HGNC:12072]
359,TRAJ40,TR_J_gene,T cell receptor alpha joining 40 [Source:HGNC Symbol;Acc:HGNC:12071]
360,TRAJ39,TR_J_gene,T cell receptor alpha joining 39 [Source:HGNC Symbol;Acc:HGNC:12069]
361,TRAJ37,TR_J_gene,T cell receptor alpha joining 37 [Source:HGNC Symbol;Acc:HGNC:12067]
362,TRAJ36,TR_J_gene,T cell receptor alpha joining 36 [Source:HGNC Symbol;Acc:HGNC:12066]
363,TRAJ35,TR_J_gene,T cell receptor alpha joining 35 (non-functional) [Source:HGNC Symbol;Acc:HGNC:12065]
364,TRAJ34,TR_J_gene,T cell receptor alpha joining 34 [Source:HGNC Symbol;Acc:HGNC:12064]
365,TRAJ33,TR_J_gene,T cell receptor alpha joining 33 [Source:HGNC Symbol;Acc:HGNC:12063]
366,TRAJ32,TR_J_gene,T cell receptor alpha joining 32 [Source:HGNC Symbol;Acc:HGNC:12062]
367,TRAJ31,TR_J_gene,T cell receptor alpha joining 31 [Source:HGNC Symbol;Acc:HGNC:12061]
368,TRAJ30,TR_J_gene,T cell receptor alpha joining 30 [Source:HGNC Symbol;Acc:HGNC:12060]
369,TRAJ29,TR_J_gene,T cell receptor alpha joining 29 [Source:HGNC Symbol;Acc:HGNC:12058]
370,TRAJ28,TR_J_gene,T cell receptor alpha joining 28 [Source:HGNC Symbol;Acc:HGNC:12057]
371,TRAJ27,TR_J_gene,T cell receptor alpha joining 27 [Source:HGNC Symbol;Acc:HGNC:12056]
372,TRAJ26,TR_J_gene,T cell receptor alpha joining 26 [Source:HGNC Symbol;Acc:HGNC:12055]
373,TRAJ25,TR_J_gene,T cell receptor alpha joining 25 (non-functional) [Source:HGNC Symbol;Acc:HGNC:12054]
374,TRAJ24,TR_J_gene,T cell receptor alpha joining 24 [Source:HGNC Symbol;Acc:HGNC:12053]
375,TRAJ23,TR_J_gene,T cell receptor alpha joining 23 [Source:HGNC Symbol;Acc:HGNC:12052]
376,TRAJ22,TR_J_gene,T cell receptor alpha joining 22 [Source:HGNC Symbol;Acc:HGNC:12051]
377,TRAJ21,TR_J_gene,T cell receptor alpha joining 21 [Source:HGNC Symbol;Acc:HGNC:12050]
378,TRAJ20,TR_J_gene,T cell receptor alpha joining 20 [Source:HGNC Symbol;Acc:HGNC:12049]
379,TRAJ19,TR_J_gene,T cell receptor alpha joining 19 (non-functional) [Source:HGNC Symbol;Acc:HGNC:12047]
380,TRAJ18,TR_J_gene,T cell receptor alpha joining 18 [Source:HGNC Symbol;Acc:HGNC:12046]
381,TRAJ17,TR_J_gene,T cell receptor alpha joining 17 [Source:HGNC Symbol;Acc:HGNC:12045]
382,TRAJ16,TR_J_gene,T cell receptor alpha joining 16 [Source:HGNC Symbol;Acc:HGNC:12044]
383,TRAJ14,TR_J_gene,T cell receptor alpha joining 14 [Source:HGNC Symbol;Acc:HGNC:12042]
384,TRAJ13,TR_J_gene,T cell receptor alpha joining 13 [Source:HGNC Symbol;Acc:HGNC:12041]
385,TRAJ12,TR_J_gene,T cell receptor alpha joining 12 [Source:HGNC Symbol;Acc:HGNC:12040]
386,TRAJ11,TR_J_gene,T cell receptor alpha joining 11 [Source:HGNC Symbol;Acc:HGNC:12039]
387,TRAJ10,TR_J_gene,T cell receptor alpha joining 10 [Source:HGNC Symbol;Acc:HGNC:12038]
388,TRAJ9,TR_J_gene,T cell receptor alpha joining 9 [Source:HGNC Symbol;Acc:HGNC:12097]
389,TRAJ8,TR_J_pseudogene,T cell receptor alpha joining 8 [Source:HGNC Symbol;Acc:HGNC:12096]
390,TRAJ7,TR_J_gene,T cell receptor alpha joining 7 [Source:HGNC Symbol;Acc:HGNC:12095]
391,TRAJ6,TR_J_gene,T cell receptor alpha joining 6 [Source:HGNC Symbol;Acc:HGNC:12092]
392,TRAJ5,TR_J_gene,T cell receptor alpha joining 5 [Source:HGNC Symbol;Acc:HGNC:12081]
393,TRAJ4,TR_J_gene,T cell receptor alpha joining 4 [Source:HGNC Symbol;Acc:HGNC:12070]
394,TRAJ3,TR_J_gene,T cell receptor alpha joining 3 [Source:HGNC Symbol;Acc:HGNC:12059]
395,TRAJ2,TR_J_gene,T cell receptor alpha joining 2 (non-functional) [Source:HGNC Symbol;Acc:HGNC:12048]
396,TRAJ1,TR_J_gene,T cell receptor alpha joining 1 (non-functional) [Source:HGNC Symbol;Acc:HGNC:12037]
397,TRAC,TR_C_gene,T cell receptor alpha constant [Source:HGNC Symbol;Acc:HGNC:12029]
398,TRAJ38,TR_J_gene,T cell receptor alpha joining 38 [Source:HGNC Symbol;Acc:HGNC:12068]
399,IGKV2OR2-1,IG_V_pseudogene,immunoglobulin kappa variable 2/OR2-1 (pseudogene) [Source:HGNC Symbol;Acc:HGNC:5805]
400,IGKV2OR2-2,IG_V_pseudogene,immunoglobulin kappa variable 2/OR2-2 (pseudogene) [Source:HGNC Symbol;Acc:HGNC:5808]
401,IGHD1OR15-1A,IG_D_gene,immunoglobulin heavy diversity 1/OR15-1A (non-functional) [Source:HGNC Symbol;Acc:HGNC:5487]
402,IGHD5OR15-5A,IG_D_gene,immunoglobulin heavy diversity 5/OR15-5A (non-functional) [Source:HGNC Symbol;Acc:HGNC:5512]
403,IGHD2OR15-2A,IG_D_gene,immunoglobulin heavy diversity 2/OR15-2A (non-functional) [Source:HGNC Symbol;Acc:HGNC:5493]
404,IGHV1OR15-1,IG_V_gene,immunoglobulin heavy variable 1/OR15-1 (non-functional) [Source:HGNC Symbol;Acc:HGNC:5563]
405,,IG_V_gene,novel gene identicle to IGHV1OR15-1
406,,IG_V_gene,"novel protein, identical to IGHV4-4"
407,IGHD5OR15-5B,IG_D_gene,immunoglobulin heavy diversity 5/OR15-5B (non-functional) [Source:HGNC Symbol;Acc:HGNC:5513]
408,IGHV1OR15-3,IG_V_pseudogene,immunoglobulin heavy variable 1/OR15-3 (pseudogene) [Source:HGNC Symbol;Acc:HGNC:5565]
409,IGHV3OR15-7,IG_V_gene,immunoglobulin heavy variable 3/OR15-7 (pseudogene) [Source:HGNC Symbol;Acc:HGNC:5633]
410,IGHV1OR15-6,IG_V_pseudogene,immunoglobulin heavy variable 1/OR15-6 (pseudogene) [Source:HGNC Symbol;Acc:HGNC:5568]
411,IGHD2OR15-2B,IG_D_gene,immunoglobulin heavy diversity 2/OR15-2B (non-functional) [Source:HGNC Symbol;Acc:HGNC:5494]
412,IGKV1OR2-3,IG_V_pseudogene,immunoglobulin kappa variable 1/OR2-3 (pseudogene) [Source:HGNC Symbol;Acc:HGNC:5769]
413,,IG_V_pseudogene,novel gene identical to IGHV1OR15-2
414,IGHD4OR15-4B,IG_D_gene,immunoglobulin heavy diversity 4/OR15-4B (non-functional) [Source:HGNC Symbol;Acc:HGNC:5507]
415,,IG_V_pseudogene,novel gene identical to IGHV1OR15-4
416,IGHV1OR15-9,IG_V_gene,immunoglobulin heavy variable 1/OR15-9 (non-functional) [Source:HGNC Symbol;Acc:HGNC:5569]
417,IGHD3OR15-3A,IG_D_gene,immunoglobulin heavy diversity 3/OR15-3A (non-functional) [Source:HGNC Symbol;Acc:HGNC:5500]
418,IGHD1OR15-1B,IG_D_gene,immunoglobulin heavy diversity 1/OR15-1B (non-functional) [Source:HGNC Symbol;Acc:HGNC:5488]
419,IGKV1OR2-1,IG_V_pseudogene,immunoglobulin kappa variable 1/OR2-1 (pseudogene) [Source:HGNC Symbol;Acc:HGNC:5760]
420,IGHV1OR15-2,IG_V_pseudogene,immunoglobulin heavy variable 1/OR15-2 (pseudogene) [Source:HGNC Symbol;Acc:HGNC:5564]
421,IGHD3OR15-3B,IG_D_gene,immunoglobulin heavy diversity 3/OR15-3B (non-functional) [Source:HGNC Symbol;Acc:HGNC:5501]
422,IGKV1OR9-2,IG_V_pseudogene,immunoglobulin kappa variable 1/OR9-2 (pseudogene) [Source:HGNC Symbol;Acc:HGNC:49466]
423,IGKV1OR-2,IG_V_pseudogene,immunoglobulin kappa variable 1/OR-2 (pseudogene) [Source:HGNC Symbol;Acc:HGNC:5761]
424,IGLVIVOR22-1,IG_V_pseudogene,immunoglobulin lambda variable (IV)/OR22-1 (pseudogene) [Source:HGNC Symbol;Acc:HGNC:15694]
425,TRAV1-1,TR_V_gene,T cell receptor alpha variable 1-1 [Source:HGNC Symbol;Acc:HGNC:12101]
426,TRAV1-2,TR_V_gene,T cell receptor alpha variable 1-2 [Source:HGNC Symbol;Acc:HGNC:12102]
427,TRAV2,TR_V_gene,T cell receptor alpha variable 2 [Source:HGNC Symbol;Acc:HGNC:12116]
428,TRAV3,TR_V_gene,T cell receptor alpha variable 3 [Source:HGNC Symbol;Acc:HGNC:12128]
429,TRAV4,TR_V_gene,T cell receptor alpha variable 4 [Source:HGNC Symbol;Acc:HGNC:12140]
430,TRAV5,TR_V_gene,T cell receptor alpha variable 5 [Source:HGNC Symbol;Acc:HGNC:12143]
431,IGHVII-43-1,IG_V_pseudogene,immunoglobulin heavy variable (II)-43-1 (pseudogene) [Source:HGNC Symbol;Acc:HGNC:5680]
432,,IG_V_pseudogene,novel pseudogene identical to IGHVII-44-2D
433,IGLVI-70,IG_V_pseudogene,immunoglobulin lambda variable (I)-70 (pseudogene) [Source:HGNC Symbol;Acc:HGNC:5940]
434,IGLV4-69,IG_V_gene,immunoglobulin lambda variable 4-69 [Source:HGNC Symbol;Acc:HGNC:5921]
435,IGLVI-68,IG_V_pseudogene,immunoglobulin lambda variable (I)-68 (pseudogene) [Source:HGNC Symbol;Acc:HGNC:5939]
436,IGLV10-54,IG_V_gene,immunoglobulin lambda variable 10-54 [Source:HGNC Symbol;Acc:HGNC:5884]
437,IGLV10-67,IG_V_pseudogene,immunoglobulin lambda variable 10-67 (pseudogene) [Source:HGNC Symbol;Acc:HGNC:5885]
438,IGLVIV-66-1,IG_V_pseudogene,immunoglobulin lambda variable (IV)-66-1 (pseudogene) [Source:HGNC Symbol;Acc:HGNC:15692]
439,IGLVV-66,IG_V_pseudogene,immunoglobulin lambda variable (V)-66 (pseudogene) [Source:HGNC Symbol;Acc:HGNC:5946]
440,IGLVIV-65,IG_V_pseudogene,immunoglobulin lambda variable (IV)-65 (pseudogene) [Source:HGNC Symbol;Acc:HGNC:5944]
441,IGLVIV-64,IG_V_pseudogene,immunoglobulin lambda variable (IV)-64 (pseudogene) [Source:HGNC Symbol;Acc:HGNC:5943]
442,IGLVI-63,IG_V_pseudogene,immunoglobulin lambda variable (I)-63 (pseudogene) [Source:HGNC Symbol;Acc:HGNC:5938]
443,IGLV1-62,IG_V_pseudogene,immunoglobulin lambda variable 1-62 (pseudogene) [Source:HGNC Symbol;Acc:HGNC:5883]
444,IGLV8-61,IG_V_gene,immunoglobulin lambda variable 8-61 [Source:HGNC Symbol;Acc:HGNC:5931]
445,IGLV4-60,IG_V_gene,immunoglobulin lambda variable 4-60 [Source:HGNC Symbol;Acc:HGNC:5920]
446,IGLVIV-59,IG_V_pseudogene,immunoglobulin lambda variable (IV)-59 (pseudogene) [Source:HGNC Symbol;Acc:HGNC:5942]
447,IGLVV-58,IG_V_pseudogene,immunoglobulin lambda variable (V)-58 (pseudogene) [Source:HGNC Symbol;Acc:HGNC:5945]
448,IGLV6-57,IG_V_gene,immunoglobulin lambda variable 6-57 [Source:HGNC Symbol;Acc:HGNC:5927]
449,IGLVI-56,IG_V_pseudogene,immunoglobulin lambda variable (I)-56 (pseudogene) [Source:HGNC Symbol;Acc:HGNC:5937]
450,IGHV8-51-1,IG_V_gene,immunoglobulin heavy variable IGHV8-51-1 (non-functional) [Source:HGNC Symbol;Acc:HGNC:5704]
451,IGLV11-55,IG_V_gene,immunoglobulin lambda variable 11-55 (non-functional) [Source:HGNC Symbol;Acc:HGNC:5886]
452,IGLVIV-53,IG_V_pseudogene,immunoglobulin lambda variable (IV)-53 (pseudogene) [Source:HGNC Symbol;Acc:HGNC:5941]
453,IGLV5-52,IG_V_gene,immunoglobulin lambda variable 5-52 [Source:HGNC Symbol;Acc:HGNC:5926]
454,IGLV1-51,IG_V_gene,immunoglobulin lambda variable 1-51 [Source:HGNC Symbol;Acc:HGNC:5882]
455,IGLV1-50,IG_V_gene,immunoglobulin lambda variable 1-50 (non-functional) [Source:HGNC Symbol;Acc:HGNC:5881]
456,IGLV9-49,IG_V_gene,immunoglobulin lambda variable 9-49 [Source:HGNC Symbol;Acc:HGNC:5933]
457,IGLV5-48,IG_V_gene,immunoglobulin lambda variable 5-48 (non-functional) [Source:HGNC Symbol;Acc:HGNC:5925]
458,IGLV1-47,IG_V_gene,immunoglobulin lambda variable 1-47 [Source:HGNC Symbol;Acc:HGNC:5880]
459,IGLV7-46,IG_V_gene,immunoglobulin lambda variable 7-46 [Source:HGNC Symbol;Acc:HGNC:5930]
460,IGKV3OR2-268,IG_V_gene,immunoglobulin kappa variable 3/OR2-268 (non-functional) [Source:HGNC Symbol;Acc:HGNC:5830]
461,IGHD4OR15-4A,IG_D_gene,immunoglobulin heavy diversity 4/OR15-4A (non-functional) [Source:HGNC Symbol;Acc:HGNC:5506]
462,IGLV3-29,IG_V_pseudogene,immunoglobulin lambda variable 3-29 (pseudogene) [Source:HGNC Symbol;Acc:HGNC:5911]
463,IGLV2-28,IG_V_pseudogene,immunoglobulin lambda variable 2-28 (pseudogene) [Source:HGNC Symbol;Acc:HGNC:5891]
464,IGLV3-27,IG_V_gene,immunoglobulin lambda variable 3-27 [Source:HGNC Symbol;Acc:HGNC:5910]
465,IGLV3-26,IG_V_pseudogene,immunoglobulin lambda variable 3-26 (pseudogene) [Source:HGNC Symbol;Acc:HGNC:5909]
466,IGLVVI-25-1,IG_V_pseudogene,immunoglobulin lambda variable (VI)-25-1 (pseudogene) [Source:HGNC Symbol;Acc:HGNC:15690]
467,IGLV3-25,IG_V_gene,immunoglobulin lambda variable 3-25 [Source:HGNC Symbol;Acc:HGNC:5908]
468,IGLV3-24,IG_V_pseudogene,immunoglobulin lambda variable 3-24 (pseudogene) [Source:HGNC Symbol;Acc:HGNC:5907]
469,IGLV2-23,IG_V_gene,immunoglobulin lambda variable 2-23 [Source:HGNC Symbol;Acc:HGNC:5890]
470,IGLVVI-22-1,IG_V_pseudogene,immunoglobulin lambda variable (VI)-22-1 (pseudogene) [Source:HGNC Symbol;Acc:HGNC:15689]
471,IGLV3-22,IG_V_gene,immunoglobulin lambda variable 3-22 [Source:HGNC Symbol;Acc:HGNC:5906]
472,IGLV3-21,IG_V_gene,immunoglobulin lambda variable 3-21 [Source:HGNC Symbol;Acc:HGNC:5905]
473,IGLVI-20,IG_V_pseudogene,immunoglobulin lambda variable (I)-20 (pseudogene) [Source:HGNC Symbol;Acc:HGNC:5934]
474,IGLV3-19,IG_V_gene,immunoglobulin lambda variable 3-19 [Source:HGNC Symbol;Acc:HGNC:5903]
475,IGLV2-18,IG_V_gene,immunoglobulin lambda variable 2-18 [Source:HGNC Symbol;Acc:HGNC:5889]
476,IGLV3-17,IG_V_pseudogene,immunoglobulin lambda variable 3-17 (pseudogene) [Source:HGNC Symbol;Acc:HGNC:5902]
477,IGLV3-16,IG_V_gene,immunoglobulin lambda variable 3-16 [Source:HGNC Symbol;Acc:HGNC:5901]
478,IGLV3-15,IG_V_pseudogene,immunoglobulin lambda variable 3-15 (pseudogene) [Source:HGNC Symbol;Acc:HGNC:5900]
479,IGLV2-14,IG_V_gene,immunoglobulin lambda variable 2-14 [Source:HGNC Symbol;Acc:HGNC:5888]
480,TRAV6,TR_V_gene,T cell receptor alpha variable 6 [Source:HGNC Symbol;Acc:HGNC:12144]
481,TRAV7,TR_V_gene,T cell receptor alpha variable 7 [Source:HGNC Symbol;Acc:HGNC:12145]
482,TRAV8-1,TR_V_gene,T cell receptor alpha variable 8-1 [Source:HGNC Symbol;Acc:HGNC:12146]
483,TRAV9-1,TR_V_gene,T cell receptor alpha variable 9-1 [Source:HGNC Symbol;Acc:HGNC:12153]
484,TRAV10,TR_V_gene,T cell receptor alpha variable 10 [Source:HGNC Symbol;Acc:HGNC:12103]
485,TRAV11,TR_V_pseudogene,T cell receptor alpha variable 11 (pseudogene) [Source:HGNC Symbol;Acc:HGNC:12104]
486,TRAV12-1,TR_V_gene,T cell receptor alpha variable 12-1 [Source:HGNC Symbol;Acc:HGNC:12105]
487,TRAV8-2,TR_V_gene,T cell receptor alpha variable 8-2 [Source:HGNC Symbol;Acc:HGNC:12147]
488,TRAV8-3,TR_V_gene,T cell receptor alpha variable 8-3 [Source:HGNC Symbol;Acc:HGNC:12148]
489,TRAV13-1,TR_V_gene,T cell receptor alpha variable 13-1 [Source:HGNC Symbol;Acc:HGNC:12108]
490,TRAV12-2,TR_V_gene,T cell receptor alpha variable 12-2 [Source:HGNC Symbol;Acc:HGNC:12106]
491,TRAV8-4,TR_V_gene,T cell receptor alpha variable 8-4 [Source:HGNC Symbol;Acc:HGNC:12149]
492,TRAV8-5,TR_V_pseudogene,T cell receptor alpha variable 8-5 (pseudogene) [Source:HGNC Symbol;Acc:HGNC:12150]
493,TRAV13-2,TR_V_gene,T cell receptor alpha variable 13-2 [Source:HGNC Symbol;Acc:HGNC:12109]
494,TRAV14DV4,TR_V_gene,T cell receptor alpha variable 14/delta variable 4 [Source:HGNC Symbol;Acc:HGNC:12110]
495,TRAV9-2,TR_V_gene,T cell receptor alpha variable 9-2 [Source:HGNC Symbol;Acc:HGNC:12154]
496,TRAV15,TR_V_pseudogene,T cell receptor alpha variable 15 (pseudogene) [Source:HGNC Symbol;Acc:HGNC:12111]
497,TRAV12-3,TR_V_gene,T cell receptor alpha variable 12-3 [Source:HGNC Symbol;Acc:HGNC:12107]
498,TRAV8-6,TR_V_gene,T cell receptor alpha variable 8-6 [Source:HGNC Symbol;Acc:HGNC:12151]
499,TRAV16,TR_V_gene,T cell receptor alpha variable 16 [Source:HGNC Symbol;Acc:HGNC:12112]
500,TRAV17,TR_V_gene,T cell receptor alpha variable 17 [Source:HGNC Symbol;Acc:HGNC:12113]
501,TRAV18,TR_V_gene,T cell receptor alpha variable 18 [Source:HGNC Symbol;Acc:HGNC:12114]
502,TRAV19,TR_V_gene,T cell receptor alpha variable 19 [Source:HGNC Symbol;Acc:HGNC:12115]
503,TRAV20,TR_V_gene,T cell receptor alpha variable 20 [Source:HGNC Symbol;Acc:HGNC:12117]
504,TRAV21,TR_V_gene,T cell receptor alpha variable 21 [Source:HGNC Symbol;Acc:HGNC:12118]
505,TRAV22,TR_V_gene,T cell receptor alpha variable 22 [Source:HGNC Symbol;Acc:HGNC:12119]
506,TRAV23DV6,TR_V_gene,T cell receptor alpha variable 23/delta variable 6 [Source:HGNC Symbol;Acc:HGNC:12120]
507,TRDV1,TR_V_gene,T cell receptor delta variable 1 [Source:HGNC Symbol;Acc:HGNC:12262]
508,TRAV24,TR_V_gene,T cell receptor alpha variable 24 [Source:HGNC Symbol;Acc:HGNC:12121]
509,TRAV25,TR_V_gene,T cell receptor alpha variable 25 [Source:HGNC Symbol;Acc:HGNC:12122]
510,TRAV26-1,TR_V_gene,T cell receptor alpha variable 26-1 [Source:HGNC Symbol;Acc:HGNC:12123]
511,TRAV8-7,TR_V_gene,T cell receptor alpha variable 8-7 (pseudogene) [Source:HGNC Symbol;Acc:HGNC:12152]
512,TRAV27,TR_V_gene,T cell receptor alpha variable 27 [Source:HGNC Symbol;Acc:HGNC:12125]
513,TRAV28,TR_V_pseudogene,T cell receptor alpha variable 28 (pseudogene) [Source:HGNC Symbol;Acc:HGNC:12126]
514,TRAV29DV5,TR_V_gene,T cell receptor alpha variable 29/delta variable 5 [Source:HGNC Symbol;Acc:HGNC:12127]
515,TRAV30,TR_V_gene,T cell receptor alpha variable 30 [Source:HGNC Symbol;Acc:HGNC:12129]
516,TRAV31,TR_V_pseudogene,T cell receptor alpha variable 31 (pseudogene) [Source:HGNC Symbol;Acc:HGNC:12130]
517,TRAV32,TR_V_pseudogene,T cell receptor alpha variable 32 (pseudogene) [Source:HGNC Symbol;Acc:HGNC:12131]
518,TRAV33,TR_V_pseudogene,T cell receptor alpha variable 33 (pseudogene) [Source:HGNC Symbol;Acc:HGNC:12132]
519,TRAV26-2,TR_V_gene,T cell receptor alpha variable 26-2 [Source:HGNC Symbol;Acc:HGNC:12124]
520,TRAV34,TR_V_gene,T cell receptor alpha variable 34 [Source:HGNC Symbol;Acc:HGNC:12133]
521,TRAV35,TR_V_pseudogene,T cell receptor alpha variable 35 [Source:HGNC Symbol;Acc:HGNC:12134]
522,TRAV36DV7,TR_V_gene,T cell receptor alpha variable 36/delta variable 7 [Source:HGNC Symbol;Acc:HGNC:12135]
523,TRAV37,TR_V_pseudogene,T cell receptor alpha variable 37 (pseudogene) [Source:HGNC Symbol;Acc:HGNC:12136]
524,TRAV38-1,TR_V_gene,T cell receptor alpha variable 38-1 [Source:HGNC Symbol;Acc:HGNC:12137]
525,TRAV38-2DV8,TR_V_gene,T cell receptor alpha variable 38-2/delta variable 8 [Source:HGNC Symbol;Acc:HGNC:12138]
526,TRAV39,TR_V_gene,T cell receptor alpha variable 39 [Source:HGNC Symbol;Acc:HGNC:12139]
527,TRAV40,TR_V_gene,T cell receptor alpha variable 40 [Source:HGNC Symbol;Acc:HGNC:12141]
528,TRAV41,TR_V_gene,T cell receptor alpha variable 41 [Source:HGNC Symbol;Acc:HGNC:12142]
529,IGHV7-4-1,IG_V_gene,immunoglobulin heavy variable 7-4-1 [Source:HGNC Symbol;Acc:HGNC:5665]
530,,IG_pseudogene,novel IG pseudogene
531,IGHVII-78-1,IG_V_pseudogene,immunoglobulin heavy variable (II)-78-1 (pseudogene) [Source:HGNC Symbol;Acc:HGNC:5691]
532,IGHV3-79,IG_V_pseudogene,immunoglobulin heavy variable 3-79 (pseudogene) [Source:HGNC Symbol;Acc:HGNC:5627]
533,IGHV4-80,IG_V_pseudogene,immunoglobulin heavy variable 4-80 (pseudogene) [Source:HGNC Symbol;Acc:HGNC:5656]
534,IGHV7-81,IG_V_gene,immunoglobulin heavy variable 7-81 (non-functional) [Source:HGNC Symbol;Acc:HGNC:5669]
535,IGHVIII-82,IG_V_pseudogene,immunoglobulin heavy variable (III)-82 (pseudogene) [Source:HGNC Symbol;Acc:HGNC:5709]
536,IGLV3-10,IG_V_gene,immunoglobulin lambda variable 3-10 [Source:HGNC Symbol;Acc:HGNC:5897]
537,IGLV3-9,IG_V_gene,immunoglobulin lambda variable 3-9 [Source:HGNC Symbol;Acc:HGNC:5918]
538,IGLV2-8,IG_V_gene,immunoglobulin lambda variable 2-8 [Source:HGNC Symbol;Acc:HGNC:5895]
539,IGLV3-7,IG_V_pseudogene,immunoglobulin lambda variable 3-7 (pseudogene) [Source:HGNC Symbol;Acc:HGNC:5917]
540,IGLV3-6,IG_V_pseudogene,immunoglobulin lambda variable 3-6 (pseudogene) [Source:HGNC Symbol;Acc:HGNC:5916]
541,IGLV2-5,IG_V_pseudogene,immunoglobulin lambda variable 2-5 (pseudogene) [Source:HGNC Symbol;Acc:HGNC:5894]
542,IGLV3-4,IG_V_pseudogene,immunoglobulin lambda variable 3-4 (pseudogene) [Source:HGNC Symbol;Acc:HGNC:5915]
543,IGLV4-3,IG_V_gene,immunoglobulin lambda variable 4-3 [Source:HGNC Symbol;Acc:HGNC:5919]
544,IGLV3-2,IG_V_pseudogene,immunoglobulin lambda variable 3-2 (pseudogene) [Source:HGNC Symbol;Acc:HGNC:5904]
545,IGLV3-1,IG_V_gene,immunoglobulin lambda variable 3-1 [Source:HGNC Symbol;Acc:HGNC:5896]
546,IGLJ1,IG_J_gene,immunoglobulin lambda joining 1 [Source:HGNC Symbol;Acc:HGNC:5863]
547,IGLC1,IG_C_gene,immunoglobulin lambda constant 1 [Source:HGNC Symbol;Acc:HGNC:5855]
548,IGLJ2,IG_J_gene,immunoglobulin lambda joining 2 [Source:HGNC Symbol;Acc:HGNC:5864]
549,IGLC2,IG_C_gene,immunoglobulin lambda constant 2 [Source:HGNC Symbol;Acc:HGNC:5856]
550,IGLJ3,IG_J_gene,immunoglobulin lambda joining 3 [Source:HGNC Symbol;Acc:HGNC:5865]
551,IGLC3,IG_C_gene,immunoglobulin lambda constant 3 (Kern-Oz+ marker) [Source:HGNC Symbol;Acc:HGNC:5857]
552,IGLJ4,IG_J_gene,immunoglobulin lambda joining 4 (non-functional) [Source:HGNC Symbol;Acc:HGNC:5866]
553,IGLC4,IG_C_pseudogene,immunoglobulin lambda constant 4 (pseudogene) [Source:HGNC Symbol;Acc:HGNC:5858]
554,IGLJ5,IG_J_gene,immunoglobulin lambda joining 5 (non-functional) [Source:HGNC Symbol;Acc:HGNC:5867]
555,IGLC5,IG_C_pseudogene,immunoglobulin lambda constant 5 (pseudogene) [Source:HGNC Symbol;Acc:HGNC:5859]
556,IGLJ6,IG_J_gene,immunoglobulin lambda joining 6 [Source:HGNC Symbol;Acc:HGNC:5868]
557,IGLC6,IG_C_pseudogene,immunoglobulin lambda constant 6 [Source:HGNC Symbol;Acc:HGNC:5860]
558,IGLJ7,IG_J_gene,immunoglobulin lambda joining 7 [Source:HGNC Symbol;Acc:HGNC:5869]
559,IGLC7,IG_C_gene,immunoglobulin lambda constant 7 [Source:HGNC Symbol;Acc:HGNC:5861]
560,TRBV21OR9-2,TR_V_pseudogene,T cell receptor beta variable 21/OR9-2 (pseudogene) [Source:HGNC Symbol;Acc:HGNC:12199]
561,TRBV22OR9-2,TR_V_pseudogene,T cell receptor beta variable 22/OR9-2 (pseudogene) [Source:HGNC Symbol;Acc:HGNC:18740]
562,TRBV23OR9-2,TR_V_pseudogene,T cell receptor beta variable 23/OR9-2 (pseudogene) [Source:HGNC Symbol;Acc:HGNC:12202]
563,TRBV24OR9-2,TR_V_pseudogene,T cell receptor beta variable 24/OR9-2 (pseudogene) [Source:HGNC Symbol;Acc:HGNC:12204]
564,TRBV25OR9-2,TR_V_pseudogene,T cell receptor beta variable 25/OR9-2 (pseudogene) [Source:HGNC Symbol;Acc:HGNC:12206]
565,TRBV26OR9-2,TR_V_pseudogene,T cell receptor beta variable 26/OR9-2 (pseudogene) [Source:HGNC Symbol;Acc:HGNC:15485]
566,TRBV29OR9-2,TR_V_pseudogene,T cell receptor beta variable 29/OR9-2 (non-functional) [Source:HGNC Symbol;Acc:HGNC:12211]
567,,TR_V_gene,novel T cell receptor alpha variable
568,IGKV1OR9-1,IG_V_pseudogene,immunoglobulin kappa variable 1/OR9-1 (pseudogene) [Source:HGNC Symbol;Acc:HGNC:49473]
569,IGKV1OR1-1,IG_V_pseudogene,immunoglobulin kappa variable 1/OR1-1 (pseudogene) [Source:HGNC Symbol;Acc:HGNC:5764]
570,IGKV1OR-3,IG_V_pseudogene,immunoglobulin kappa variable 1/OR-3 (pseudogene) [Source:HGNC Symbol;Acc:HGNC:5762]
571,IGHEP2,IG_C_pseudogene,immunoglobulin heavy constant epsilon P2 (pseudogene) [Source:HGNC Symbol;Acc:HGNC:5524]
572,IGHV1OR16-1,IG_V_pseudogene,immunoglobulin heavy variable 1/OR16-1 (pseudogene) [Source:HGNC Symbol;Acc:HGNC:5570]
573,IGHV1OR16-3,IG_V_pseudogene,immunoglobulin heavy variable 1/OR16-3 (pseudogene) [Source:HGNC Symbol;Acc:HGNC:5572]
574,IGHV3OR16-9,IG_V_gene,immunoglobulin heavy variable 3/OR16-9 (non-functional) [Source:HGNC Symbol;Acc:HGNC:5644]
575,IGHV4OR15-8,IG_V_gene,immunoglobulin heavy variable 4/OR15-8 (non-functional) [Source:HGNC Symbol;Acc:HGNC:5658]
576,IGHV1OR15-4,IG_V_pseudogene,immunoglobulin heavy variable 1/OR15-4 (pseudogene) [Source:HGNC Symbol;Acc:HGNC:5566]
577,TRGC2,TR_C_gene,T cell receptor gamma constant 2 [Source:HGNC Symbol;Acc:HGNC:12276]
578,TRGJ2,TR_J_gene,T cell receptor gamma joining 2 [Source:HGNC Symbol;Acc:HGNC:12278]
579,TRGJP2,TR_J_gene,T cell receptor gamma joining P2 [Source:HGNC Symbol;Acc:HGNC:12281]
580,TRGJ1,TR_J_gene,T cell receptor gamma joining 1 [Source:HGNC Symbol;Acc:HGNC:12277]
581,TRGJP,TR_J_gene,T cell receptor gamma joining P [Source:HGNC Symbol;Acc:HGNC:12279]
582,TRGJP1,TR_J_gene,T cell receptor gamma joining P1 [Source:HGNC Symbol;Acc:HGNC:12280]
583,TRGV11,TR_V_gene,T cell receptor gamma variable 11 (non-functional) [Source:HGNC Symbol;Acc:HGNC:12286]
584,TRGVB,TR_V_pseudogene,T cell receptor gamma variable B (pseudogene) [Source:HGNC Symbol;Acc:HGNC:12297]
585,TRGV10,TR_V_gene,T cell receptor gamma variable 10 (non-functional) [Source:HGNC Symbol;Acc:HGNC:12285]
586,TRGV9,TR_V_gene,T cell receptor gamma variable 9 [Source:HGNC Symbol;Acc:HGNC:12295]
587,TRGVA,TR_V_pseudogene,T cell receptor gamma variable A (pseudogene) [Source:HGNC Symbol;Acc:HGNC:12296]
588,TRGV8,TR_V_gene,T cell receptor gamma variable 8 [Source:HGNC Symbol;Acc:HGNC:12294]
589,TRGV7,TR_V_pseudogene,T cell receptor gamma variable 7 (pseudogene) [Source:HGNC Symbol;Acc:HGNC:12293]
590,TRGV6,TR_V_pseudogene,T cell receptor gamma variable 6 (pseudogene) [Source:HGNC Symbol;Acc:HGNC:12292]
591,TRGV5P,TR_V_pseudogene,T cell receptor gamma variable 5P (pseudogene) [Source:HGNC Symbol;Acc:HGNC:12291]
592,TRGV5,TR_V_gene,T cell receptor gamma variable 5 [Source:HGNC Symbol;Acc:HGNC:12290]
593,TRGV4,TR_V_gene,T cell receptor gamma variable 4 [Source:HGNC Symbol;Acc:HGNC:12289]
594,TRGV3,TR_V_gene,T cell receptor gamma variable 3 [Source:HGNC Symbol;Acc:HGNC:12288]
595,TRGV2,TR_V_gene,T cell receptor gamma variable 2 [Source:HGNC Symbol;Acc:HGNC:12287]
596,TRGV1,TR_V_gene,T cell receptor gamma variable 1 (non-functional) [Source:HGNC Symbol;Acc:HGNC:12284]
597,TRGC1,TR_C_gene,T cell receptor gamma constant 1 [Source:HGNC Symbol;Acc:HGNC:12275]
598,IGKV1OR2-108,IG_V_gene,immunoglobulin kappa variable 1/OR2-108 (non-functional) [Source:HGNC Symbol;Acc:HGNC:5767]
599,IGKC,IG_C_gene,immunoglobulin kappa constant [Source:HGNC Symbol;Acc:HGNC:5716]
600,IGKJ5,IG_J_gene,immunoglobulin kappa joining 5 [Source:HGNC Symbol;Acc:HGNC:5723]
601,IGKJ4,IG_J_gene,immunoglobulin kappa joining 4 [Source:HGNC Symbol;Acc:HGNC:5722]
602,IGKJ3,IG_J_gene,immunoglobulin kappa joining 3 [Source:HGNC Symbol;Acc:HGNC:5721]
603,IGKJ2,IG_J_gene,immunoglobulin kappa joining 2 [Source:HGNC Symbol;Acc:HGNC:5720]
604,IGKJ1,IG_J_gene,immunoglobulin kappa joining 1 [Source:HGNC Symbol;Acc:HGNC:5719]
605,IGKV4-1,IG_V_gene,immunoglobulin kappa variable 4-1 [Source:HGNC Symbol;Acc:HGNC:5834]
606,TRBV20OR9-2,TR_V_gene,T cell receptor beta variable 20/OR9-2 (non-functional) [Source:HGNC Symbol;Acc:HGNC:12197]
607,IGKV2D-40,IG_V_gene,immunoglobulin kappa variable 2D-40 [Source:HGNC Symbol;Acc:HGNC:5804]
608,IGKV1D-39,IG_V_gene,immunoglobulin kappa variable 1D-39 [Source:HGNC Symbol;Acc:HGNC:5756]
609,IGKV2D-38,IG_V_pseudogene,immunoglobulin kappa variable 2D-38 (pseudogene) [Source:HGNC Symbol;Acc:HGNC:5803]
610,IGKV1D-37,IG_V_gene,immunoglobulin kappa variable 1D-37 (non-functional) [Source:HGNC Symbol;Acc:HGNC:5755]
611,IGKV2D-36,IG_V_pseudogene,immunoglobulin kappa variable 2D-36 (pseudogene) [Source:HGNC Symbol;Acc:HGNC:5802]
612,IGKV1D-35,IG_V_pseudogene,immunoglobulin kappa variable 1D-35 (pseudogene) [Source:HGNC Symbol;Acc:HGNC:5754]
613,IGKV3D-34,IG_V_pseudogene,immunoglobulin kappa variable 3D-34 (pseudogene) [Source:HGNC Symbol;Acc:HGNC:5828]
614,IGKV1D-33,IG_V_gene,immunoglobulin kappa variable 1D-33 [Source:HGNC Symbol;Acc:HGNC:5753]
615,IGKV1D-32,IG_V_pseudogene,immunoglobulin kappa variable 1D-32 (pseudogene) [Source:HGNC Symbol;Acc:HGNC:5752]
616,IGKV3D-31,IG_V_pseudogene,immunoglobulin kappa variable 3D-31 (pseudogene) [Source:HGNC Symbol;Acc:HGNC:5827]
617,IGKV2D-30,IG_V_gene,immunoglobulin kappa variable 2D-30 [Source:HGNC Symbol;Acc:HGNC:5801]
618,IGKV2D-29,IG_V_gene,immunoglobulin kappa variable 2D-29 [Source:HGNC Symbol;Acc:HGNC:5800]
619,IGKV2D-28,IG_V_gene,immunoglobulin kappa variable 2D-28 [Source:HGNC Symbol;Acc:HGNC:5799]
620,IGKV1D-27,IG_V_pseudogene,immunoglobulin kappa variable 1D-27 (pseudogene) [Source:HGNC Symbol;Acc:HGNC:5751]
621,IGKV2D-26,IG_V_gene,immunoglobulin kappa variable 2D-26 [Source:HGNC Symbol;Acc:HGNC:5798]
622,IGKV3D-25,IG_V_pseudogene,immunoglobulin kappa variable 3D-25 (pseudogene) [Source:HGNC Symbol;Acc:HGNC:5826]
623,IGKV2D-24,IG_V_gene,immunoglobulin kappa variable 2D-24 (non-functional) [Source:HGNC Symbol;Acc:HGNC:5797]
624,IGKV2D-23,IG_V_pseudogene,immunoglobulin kappa variable 2D-23 (pseudogene) [Source:HGNC Symbol;Acc:HGNC:5796]
625,IGKV1D-22,IG_V_pseudogene,immunoglobulin kappa variable 1D-22 (pseudogene) [Source:HGNC Symbol;Acc:HGNC:5750]
626,IGKV6D-21,IG_V_gene,immunoglobulin kappa variable 6D-21 (non-functional) [Source:HGNC Symbol;Acc:HGNC:5837]
627,IGKV3D-20,IG_V_gene,immunoglobulin kappa variable 3D-20 [Source:HGNC Symbol;Acc:HGNC:5825]
628,IGKV2D-19,IG_V_pseudogene,immunoglobulin kappa variable 2D-19 (pseudogene) [Source:HGNC Symbol;Acc:HGNC:5795]
629,IGKV2D-18,IG_V_pseudogene,immunoglobulin kappa variable 2D-18 (pseudogene) [Source:HGNC Symbol;Acc:HGNC:5794]
630,IGKV6D-41,IG_V_gene,immunoglobulin kappa variable 6D-41 (non-functional) [Source:HGNC Symbol;Acc:HGNC:5838]
631,IGKV1D-17,IG_V_gene,immunoglobulin kappa variable 1D-17 [Source:HGNC Symbol;Acc:HGNC:5749]
632,IGKV1D-16,IG_V_gene,immunoglobulin kappa variable 1D-16 [Source:HGNC Symbol;Acc:HGNC:5748]
633,IGKV3D-15,IG_V_gene,immunoglobulin kappa variable 3D-15 [Source:HGNC Symbol;Acc:HGNC:5824]
634,IGKV2D-14,IG_V_pseudogene,immunoglobulin kappa variable 2D-14 (pseudogene) [Source:HGNC Symbol;Acc:HGNC:5793]
635,IGKV1D-13,IG_V_gene,immunoglobulin kappa variable 1D-13 [Source:HGNC Symbol;Acc:HGNC:5747]
636,IGKV1D-12,IG_V_gene,immunoglobulin kappa variable 1D-12 [Source:HGNC Symbol;Acc:HGNC:5746]
637,IGKV3D-11,IG_V_gene,immunoglobulin kappa variable 3D-11 [Source:HGNC Symbol;Acc:HGNC:5823]
638,IGKV2D-10,IG_V_pseudogene,immunoglobulin kappa variable 2D-10 (pseudogene) [Source:HGNC Symbol;Acc:HGNC:5792]
639,IGKV1D-42,IG_V_gene,immunoglobulin kappa variable 1D-42 (non-functional) [Source:HGNC Symbol;Acc:HGNC:5757]
640,IGKV1D-43,IG_V_gene,immunoglobulin kappa variable 1D-43 [Source:HGNC Symbol;Acc:HGNC:5758]
641,IGHV2OR16-5,IG_V_gene,immunoglobulin heavy variable 2/OR16-5 (non-functional) [Source:HGNC Symbol;Acc:HGNC:5579]
642,IGHV3OR16-15,IG_V_pseudogene,immunoglobulin heavy variable 3/OR16-15 (pseudogene) [Source:HGNC Symbol;Acc:HGNC:5639]
643,IGHV3OR16-6,IG_V_pseudogene,immunoglobulin heavy variable 3/OR16-6 (pseudogene) [Source:HGNC Symbol;Acc:HGNC:5641]
644,IGHV1OR16-2,IG_V_pseudogene,immunoglobulin heavy variable 1/OR16-2 (pseudogene) [Source:HGNC Symbol;Acc:HGNC:5571]
645,IGHV3OR16-10,IG_V_gene,immunoglobulin heavy variable 3/OR16-10 (non-functional) [Source:HGNC Symbol;Acc:HGNC:5634]
646,IGHV1OR16-4,IG_V_pseudogene,immunoglobulin heavy variable 1/OR16-4 (pseudogene) [Source:HGNC Symbol;Acc:HGNC:5573]
647,IGHV3OR16-8,IG_V_gene,immunoglobulin heavy variable 3/OR16-8 (non-functional) [Source:HGNC Symbol;Acc:HGNC:5643]
648,IGHV3OR16-12,IG_V_gene,immunoglobulin heavy variable 3/OR16-12 (non-functional) [Source:HGNC Symbol;Acc:HGNC:5636]
649,IGHV3OR16-13,IG_V_gene,immunoglobulin heavy variable 3/OR16-13 (non-functional) [Source:HGNC Symbol;Acc:HGNC:5637]
650,IGHV3OR16-11,IG_V_pseudogene,immunoglobulin heavy variable 3/OR16-11 (pseudogene) [Source:HGNC Symbol;Acc:HGNC:5635]
651,IGHV3OR16-7,IG_V_pseudogene,immunoglobulin heavy variable 3/OR16-7 (pseudogene) [Source:HGNC Symbol;Acc:HGNC:5642]
652,IGKV1OR2-9,IG_V_pseudogene,immunoglobulin kappa variable 1/OR2-9 (pseudogene) [Source:HGNC Symbol;Acc:HGNC:5771]
653,IGKV2OR2-10,IG_V_pseudogene,immunoglobulin kappa variable 2/OR2-10 (pseudogene) [Source:HGNC Symbol;Acc:HGNC:5806]
654,IGKV2OR2-7D,IG_V_pseudogene,immunoglobulin kappa variable 2/OR2-7D (pseudogene) [Source:HGNC Symbol;Acc:HGNC:37489]
655,IGKV3OR2-5,IG_V_pseudogene,immunoglobulin kappa variable 3/OR2-5 (pseudogene) [Source:HGNC Symbol;Acc:HGNC:5832]
656,IGKV1OR2-6,IG_V_pseudogene,immunoglobulin kappa variable 1/OR2-6 (pseudogene) [Source:HGNC Symbol;Acc:HGNC:5770]
657,IGKV2OR2-7,IG_V_pseudogene,immunoglobulin kappa variable 2/OR2-7 (pseudogene) [Source:HGNC Symbol;Acc:HGNC:5810]
658,IGKV2OR2-8,IG_V_pseudogene,immunoglobulin kappa variable 2/OR2-8 (pseudogene) [Source:HGNC Symbol;Acc:HGNC:5811]
659,IGKV1OR2-11,IG_V_pseudogene,immunoglobulin kappa variable 1/OR2-11 (pseudogene) [Source:HGNC Symbol;Acc:HGNC:5768]
