,mesh
340874,Cyclophilins
231438,Ribosomal Protein L3
6589562,F Factor
2796125,Cyclic AMP Response Element Modulator
9493175,Vascular Capacitance
398310,"Otitis Media, Suppurative"
1114224,"Hospitals, Urban"
404434,Q Fever
5416406,Brucella melitensis
964509,"Receptor, Cannabinoid, CB2"
129773,Inbreeding
6196953,Cultural Diversity
6,Middle Aged
340010,Carboxy-Lyases
387492,Hepatitis E
15076084,Ficain
1404700,Peptide Nucleic Acids
1101001,Amidine-Lyases
1840,Dithiothreitol
203737,Propofol
1234,Oxidative Phosphorylation
1381652,Multidetector Computed Tomography
151738,Fluorodeoxyglucose F18
13737875,Biphasic Insulins
38443,Unfolded Protein Response
9238514,Bartonella Infections
840571,Colectomy
154425,"Adaptation, Psychological"
157178,Cholecalciferol
207098,Venous Thromboembolism
3904666,Plant Tumors
215083,Chad
588196,Meningococcal Infections
288619,Evidence-Based Practice
92788,"Chromosomes, Mammalian"
342424,Plasma Gases
3856338,Yttrium Radioisotopes
1844818,Aspergillus flavus
439390,Receptor-Interacting Protein Serine-Threonine Kinases
249953,Birds
2354483,Salpingo-oophorectomy
221353,"Receptors, Interleukin-7"
295826,Epidemiologic Factors
14858628,Sadism
351592,Vasoactive Intestinal Peptide
400333,Gardnerella vaginalis
4158,Hospitals
571119,Cyclin B1
10728392,Electric Fish
519791,Adult Children
1314702,Cholinergic Fibers
7917031,Thiamin Pyrophosphokinase
4133386,Flaviviridae Infections
1764662,Brassicaceae
426646,Matrines
1817575,Photons
1971345,Alphavirus
2371,Optic Nerve Diseases
314485,Peroxiredoxins
3647,Metabolomics
1434892,Becaplermin
779,Myocardial Ischemia
496058,Epothilones
350092,Malate Dehydrogenase
349323,Gamma Cameras
460906,Patched-2 Receptor
931724,Site-Specific DNA-Methyltransferase (Adenine-Specific)
1210091,Parabrachial Nucleus
151700,Aromatase Inhibitors
342711,Olea
1087881,Lithium Carbonate
96920,Macrophages
423619,Sarcoglycans
211678,KCNQ1 Potassium Channel
4361674,Tissue Kallikreins
724390,Physical Abuse
329830,Integrin alpha2beta1
137168,Butyrates
204682,"Receptors, Interleukin-17"
1007304,Ovarian Hyperstimulation Syndrome
126388,"Receptors, Calcitriol"
1209423,"Leukodystrophy, Metachromatic"
3972199,Poverty Areas
3653397,Budgets
320516,Intranuclear Inclusion Bodies
2937301,Nuclear Power Plants
414325,Interleukin-27
2525391,Prometaphase
851506,Dipyrone
391940,Bioprosthesis
114606,"DNA, Recombinant"
101240,HL-60 Cells
7709206,Pulmonary Heart Disease
1689998,"RNA, Ribosomal, 28S"
10016401,Electromagnetic Radiation
126450,"Chromosomes, Human, Y"
778656,"Pneumonia of Swine, Mycoplasmal"
107004,Methylphenidate
849443,"Diet, Paleolithic"
3890850,Pharyngectomy
9919118,Professional Practice
6943486,"Enkephalin, Leucine"
209689,KCNQ2 Potassium Channel
8541283,Milk Thistle
702319,Epiretinal Membrane
101230,Cell Adhesion
14869044,Clinical Trial Protocols as Topic
5817,Hydrophobic and Hydrophilic Interactions
2551021,Descemet Membrane
159544,Carnitine
611771,Glycerolphosphate Dehydrogenase
4999986,Nitrous Oxide
9894280,"von Willebrand Disease, Type 2"
5289279,Cytochrome P-450 CYP1A2 Inducers
353600,"Fatty Acids, Essential"
1721669,"2,4-Dinitrophenol"
367485,Cross Protection
4209886,Sperm Whale
6570110,Sapovirus
2502238,Cyanosis
224022,Naltrexone
1455592,Premarital Examinations
337496,Secondary Metabolism
2668086,Mammoths
2653971,Phytoplankton
913144,Electrooculography
2066435,Gentian Violet
6295069,Respiratory Tract Absorption
6568049,Artificially Sweetened Beverages
94910,"Exostoses, Multiple Hereditary"
3288252,Malonates
6361845,Aortic Valve Disease
16094111,Tenebrio
2435879,Neuropsychology
2976190,Proto-Oncogene Proteins c-fes
249377,Gangliosidoses
1133849,Phospholipase A2 Inhibitors
926310,Seminal Vesicles
460221,"46, XX Disorders of Sex Development"
955845,"Dose Fractionation, Radiation"
4423799,Homozygous Familial Hypercholesterolemia
728766,Speech Disorders
4119451,Integrin-Binding Sialoprotein
10283343,"Luciferases, Bacterial"
7027107,Meningoencephalitis
2619391,"Corneal Surgery, Laser"
217202,Horse Diseases
855515,Inosine
121265,Multifactor Dimensionality Reduction
93587,Nod2 Signaling Adaptor Protein
1130853,Cryptoxanthins
176631,T Cell Transcription Factor 1
873743,Vault Ribonucleoprotein Particles
8625487,Electric Power Supplies
949740,Molybdoferredoxin
110311,Cacodylic Acid
95787,Immunoglobulin Isotypes
591018,Trigeminal Nerve
189179,Anti-Arrhythmia Agents
180643,Exanthema
18343,Basal Metabolism
3068013,"Coronavirus NL63, Human"
188763,Angiopoietin-like Proteins
128539,Crop Production
4353299,Arab World
1452966,"Mastocytosis, Cutaneous"
189826,Cholinesterase Inhibitors
1396284,Fracture Healing
651992,Immunophilins
137102,Bile
348264,Luteolin
1285468,"Carcinoma, Bronchogenic"
1075753,Cystathionine gamma-Lyase
15842614,Complement C5b
9232141,Atlanto-Axial Joint
243913,Epidemiological Monitoring
224596,"Games, Experimental"
2900909,Baccharis
192721,Psychiatry
166818,"Mice, Inbred C3H"
1085272,Halobacterium salinarum
236686,Fertilization in Vitro
1535994,Atlantic Ocean
188364,Cytochrome P-450 CYP2D6 Inhibitors
9284288,Gramicidin
405381,Cytological Techniques
232795,Cytomegalovirus Infections
100469,DEAD-box RNA Helicases
6565877,Ulex
166230,Proteasome Inhibitors
15651348,Impetigo
335130,Sp1 Transcription Factor
1535332,Nalidixic Acid
7860425,Ascaris suum
14322985,Mannich Bases
9950712,Thiamine Monophosphate
351126,Tacrine
10549552,Uterine Cervical Diseases
3652517,Hematopoietic Cell Growth Factors
340635,Cyclohexenes
2497173,Clonal Deletion
8471487,Explosions
8130101,Fucus
1922038,Convulsants
14871475,Heavy Chain Disease
343704,Endrin
13626670,Sirenia
6350,Respiratory Muscles
10623866,Vision Disparity
415620,Flavanones
6517665,Abdominal Injuries
665042,HIV Seronegativity
101072,Consensus
1062563,Histology
1197,"Neoplasm Recurrence, Local"
8547325,Atmosphere Exposure Chambers
10136941,17-Ketosteroids
247511,Therapeutics
228302,Adenine Nucleotides
30404,Anticonvulsants
1875677,Preventive Psychiatry
2743672,Humic Substances
5615098,Pneumovirus
6275,KCNQ Potassium Channels
1454780,Thoracentesis
287296,Bariatric Surgery
241546,Growth Differentiation Factors
3224155,Adolescent Medicine
93231,Barrett Esophagus
349718,Acyl Coenzyme A
795702,Chlorpromazine
1448645,Angiopoietin-2
23,Open Reading Frames
13619881,Viscosupplements
226451,Basal Ganglia Diseases
180005,"Injections, Intravenous"
115147,Deamination
15476826,"Pregnancy, Tubal"
464140,Pancreatic alpha-Amylases
335920,"Administration, Inhalation"
2516443,Glucosylceramides
4704181,Wind
6583,Diabetic Retinopathy
110415,"Infant, Premature"
10985059,Microcomputers
337726,Tetraspanin 29
96509,Familial Mediterranean Fever
778654,Mycoplasma hyopneumoniae
3843226,Vitamin D Response Element
499731,Nuclear Envelope
140985,Bile Duct Diseases
72903,Chronic Disease
1378872,Smith-Lemli-Opitz Syndrome
184003,"ATP Binding Cassette Transporter, Subfamily G, Member 2"
405593,Embryonic and Fetal Development
342263,Asphyxia
3930,Enzyme-Linked Immunosorbent Assay
1154200,Forearm
348462,Hydroxybenzoates
198800,Resveratrol
8737022,Hinduism
338726,Specific Pathogen-Free Organisms
178704,Endocrine System Diseases
911852,"Anus, Imperforate"
4291243,Pork Meat
749523,Quantum Theory
325389,Vacuolar Proton-Translocating ATPases
8696659,"Heterocyclic Compounds, Bridged-Ring"
971633,Retinyl Esters
1415482,Methylhistidines
2649169,"Graft Occlusion, Vascular"
150588,"Receptors, LDL"
82148,"Vision, Ocular"
109420,Testis
16497837,Mitoguazone
1615139,Cholestenone 5 alpha-Reductase
130524,Etoposide
516858,Oxidopamine
98486,Serum
38467,Publication Bias
980186,Liver Glycogen
267090,Lysine Acetyltransferase 5
96231,Netrins
6101779,Wireless Technology
111636,Waist Circumference
109758,Liver-Specific Organic Anion Transporter 1
1941467,Ovarian Diseases
1825586,Gymnastics
304777,Doping in Sports
760848,ADAMTS13 Protein
18347,Cytochromes c
7024054,Kv1.4 Potassium Channel
206003,"Receptor, Serotonin, 5-HT2A"
7991952,Proxy
2352651,"Leukemia, Radiation-Induced"
7265,HIV Infections
166104,Regulated Cell Death
418712,Lymphopenia
247349,Drug Hypersensitivity Syndrome
1032377,Thiosulfate Sulfurtransferase
121630,Decision Trees
1255492,Faculty
312618,Pre-B-Cell Leukemia Transcription Factor 1
2913278,Trityl Compounds
3874332,Optic Tract
34616,Prenatal Diagnosis
361028,Polymyositis
1127460,Hyperlipoproteinemias
1343814,Glasgow Outcome Scale
339124,Acantholysis
294873,Kininogens
38511,"Fatty Acids, Omega-6"
3457,Drosophila melanogaster
9271077,Clobetasol
2289933,Weed Control
899855,Phenylephrine
928146,Famine
1957472,Cystinuria
2245453,Antithrombin III Deficiency
798003,Designer Drugs
2458759,Tigecycline
223062,Hyperprolactinemia
106905,"History, 20th Century"
134586,Respiratory Insufficiency
16318611,Aminoacetonitrile
5160200,Facility Design and Construction
424822,"Lung Diseases, Fungal"
415450,Cyclooxygenase 2 Inhibitors
4147,"Twins, Monozygotic"
2431111,Hydromorphone
103927,Thyroid Hormones
129240,Paternity
1092167,"Contraceptives, Oral, Combined"
181701,Cough
7647419,Tetrahydrouridine
339067,Carbonic Anhydrase II
395103,"Receptors, Prostaglandin E"
4275,"Sequence Homology, Nucleic Acid"
342873,"Skin Diseases, Genetic"
137119,Phospholipids
2763153,Conjunctival Diseases
1756,Carotid Artery Diseases
173474,Isocitrate Dehydrogenase
641505,Gliclazide
120882,Duodenal Ulcer
2797568,Pulmonary Surfactant-Associated Protein C
475701,Wills
156680,Poroma
4981090,Pyocyanine
152164,Linoleic Acid
160004,Long-Term Potentiation
374277,"Candidiasis, Chronic Mucocutaneous"
112327,Streptomyces
7038417,Ureaplasma urealyticum
2178552,Chinchilla
1960760,Lentivirus Infections
153012,"Schizophrenia, Paranoid"
1336653,Paleopathology
278124,Ambulatory Care Facilities
3564439,Health Systems Plans
1686832,RNA Recognition Motif
220663,Annexins
1163486,HMGB Proteins
753382,"Xanthomatosis, Cerebrotendinous"
6049689,"Administration, Mucosal"
124242,Pigmentation Disorders
976365,Gastroenterologists
6191,Aminoglycosides
391942,Heart Valve Prosthesis
143593,Amniocentesis
227045,MMPI
227557,"Aldehyde Dehydrogenase, Mitochondrial"
3497101,Adenomatoid Tumor
138917,Jejunum
396490,Osteocalcin
574691,Duodenal Neoplasms
3350753,Minichromosome Maintenance Complex Component 7
2104,Immunosuppressive Agents
111100,Abdomen
346475,Taurine
195005,Betacoronavirus
141508,Dipyridamole
416546,Gases
1091138,Wrist
3460436,Formoterol Fumarate
4042269,SRS-A
874744,Viral Hepatitis Vaccines
1045407,Irbesartan
94674,Leukocyte Immunoglobulin-like Receptor B1
132943,Deep Learning
102575,Protein-Tyrosine Kinases
10365651,E-Cigarette Vapor
1221595,Solid-Phase Synthesis Techniques
324541,"Clonal Selection, Antigen-Mediated"
1780515,"Water Pollution, Chemical"
7386256,"Nephroma, Mesoblastic"
15080,Meniere Disease
1739366,Fenamates
3605905,Securin
915371,Tooth Crown
10107700,Diethylamines
1763493,"Hydrocarbons, Aromatic"
418,Gene Frequency
228275,Triazines
192278,Cannabidiol
514088,"Extinction, Psychological"
1339997,"Photoreceptor Cells, Invertebrate"
5359484,Nerve Agents
167889,Isoquinolines
249748,"Myoclonic Epilepsies, Progressive"
428882,Guanosine
348213,Prunus domestica
123584,Dendritic Spines
92782,Alternative Splicing
14379575,Osteoblastoma
1366096,Jamaica
174666,8-Hydroxy-2'-Deoxyguanosine
355437,Cefotaxime
1541641,"Receptors, Neurotensin"
516356,Olfactory Pathways
771699,Bardet-Biedl Syndrome
6622702,Celiac Plexus
7907198,Serratia Infections
4466843,Spinal Canal
108352,Phenylalanine
2001328,Amino Sugars
172316,Chromones
4081840,Cytokinins
615097,Verapamil
100342,Toll-Like Receptor 9
1993465,Buchnera
1438377,Pyridoxal Kinase
841861,Germ-Free Life
3797945,"Adenoma, Basophil"
675431,"Phospholipases A2, Secretory"
1735126,Urinary Bladder Diseases
974614,Nephelometry and Turbidimetry
251265,Paramyxoviridae Infections
148230,Aldehyde Dehydrogenase 1 Family
5123669,Stilbamidines
165109,Dioxoles
828672,Optics and Photonics
415,Down Syndrome
93032,Graves Disease
1429,Kidney
5201992,Leukostasis
11698813,Dimethylhydrazines
875256,Moyamoya Disease
350285,"Hemorrhagic Fever, Ebola"
1008339,Fetal Viability
